{"20": {"time_total": {"all_values": [1705.017340183258, 1758.8574950695038, 1649.6476085186005], "mean": 1704.5074812571208, "stdev": 54.606728497582736}, "time_initial_setup": {"all_values": [10.201838493347168, 9.300484418869019, 10.207672357559204], "mean": 9.903331756591797, "stdev": 0.5220892576394311}, "time_projection": {"all_values": [567.5471670627594, 608.0855174064636, 520.1981158256531], "mean": 565.2769334316254, "stdev": 43.98766088020155}, "time_enumeration": {"all_values": [796.6217350959778, 799.3862993717194, 787.8757207393646], "mean": 794.6279184023539, "stdev": 6.008729804936751}, "time_postprocessing": {"all_values": [330.6454222202301, 342.08391666412354, 331.36474776268005], "mean": 334.69802888234454, "stdev": 6.406470249113715}, "ECM_count": {"all_values": [9924618, 9924618, 9924618], "mean": 9924618, "stdev": 0.0}, "max_rss": {"all_values": [1005548, 856068, 895100], "mean": 918905.3333333334, "stdev": 77531.20675788126}, "swap": {"all_values": [0, 0, 0], "mean": 0, "stdev": 0.0}}}