{"20": {"time_total": {"all_values": [456.04627227783203, 458.5921688079834, 426.70809030532837], "mean": 447.1155104637146, "stdev": 17.71912795332323}, "time_initial_setup": {"all_values": [7.183228254318237, 6.872122764587402, 7.223707437515259], "mean": 7.093019485473633, "stdev": 0.19236985741480242}, "time_projection": {"all_values": [444.8045926094055, 447.74238181114197, 415.4406385421753], "mean": 435.9958709875743, "stdev": 17.861854243379845}, "time_enumeration": {"all_values": [3.3331093788146973, 3.231679677963257, 3.1721079349517822], "mean": 3.2456323305765786, "stdev": 0.08140254060959569}, "time_postprocessing": {"all_values": [0.7241990566253662, 0.7447125911712646, 0.8700580596923828], "mean": 0.7796565691630045, "stdev": 0.0789589981720981}, "ECM_count": {"all_values": [19394, 19394, 19394], "mean": 19394, "stdev": 0.0}, "max_rss": {"all_values": [355956, 356324, 274504], "mean": 328928, "stdev": 47132.925731382304}, "swap": {"all_values": [0, 0, 0], "mean": 0, "stdev": 0.0}}}