{"20": {"time_total": {"all_values": [471.1063289642334, 470.3035590648651, 471.44196677207947], "mean": 470.9506182670593, "stdev": 0.584959308731888}, "time_initial_setup": {"all_values": [7.065323114395142, 7.379100799560547, 7.498812437057495], "mean": 7.3144121170043945, "stdev": 0.22386763377876778}, "time_projection": {"all_values": [456.96248173713684, 455.92228269577026, 456.7447786331177], "mean": 456.54318102200824, "stdev": 0.5486207333110497}, "time_enumeration": {"all_values": [5.79246187210083, 5.667893648147583, 5.926142930984497], "mean": 5.795499483744304, "stdev": 0.129151435666885}, "time_postprocessing": {"all_values": [1.28489089012146, 1.3327746391296387, 1.2709364891052246], "mean": 1.2962006727854412, "stdev": 0.03243335609431055}, "ECM_count": {"all_values": [38778, 38778, 38778], "mean": 38778, "stdev": 0.0}, "max_rss": {"all_values": [365592, 381012, 383960], "mean": 376854.6666666667, "stdev": 9864.503096118595}, "swap": {"all_values": [0, 0, 0], "mean": 0, "stdev": 0.0}}}