{"20": {"time_total": {"all_values": [7038.593221902847, 6937.693780899048, 6923.110274553299], "mean": 6966.465759118398, "stdev": 62.8883759539528}, "time_initial_setup": {"all_values": [8.402387380599976, 8.365488767623901, 8.348416566848755], "mean": 8.372097571690878, "stdev": 0.02758567386595797}, "time_projection": {"all_values": [436.0647175312042, 348.6150133609772, 349.2007007598877], "mean": 377.960143884023, "stdev": 50.32088896743417}, "time_enumeration": {"all_values": [4243.543747425079, 4241.220546245575, 4247.165516376495], "mean": 4243.97660334905, "stdev": 2.9960291474835907}, "time_postprocessing": {"all_values": [2350.5813167095184, 2339.4915025234222, 2318.393993616104], "mean": 2336.155604283015, "stdev": 16.35090531997311}, "ECM_count": {"all_values": [71024650, 71024650, 71024650], "mean": 71024650, "stdev": 0.0}, "max_rss": {"all_values": [882472, 957080, 967280], "mean": 935610.6666666666, "stdev": 46301.17084192724}, "swap": {"all_values": [0, 0, 0], "mean": 0, "stdev": 0.0}}}