{"20": {"time_total": {"all_values": [538.4013457298279, 454.60167360305786, 468.22516083717346], "mean": 487.0760600566864, "stdev": 44.96791704289531}, "time_initial_setup": {"all_values": [7.540079355239868, 7.050632953643799, 8.01333236694336], "mean": 7.534681558609009, "stdev": 0.4813724049508661}, "time_projection": {"all_values": [528.567055940628, 445.14712595939636, 457.4795129299164], "mean": 477.0645649433136, "stdev": 45.026679605473966}, "time_enumeration": {"all_values": [1.923196792602539, 1.9360101222991943, 2.285781145095825], "mean": 2.0483293533325195, "stdev": 0.2057390590363969}, "time_postprocessing": {"all_values": [0.36948132514953613, 0.4664912223815918, 0.44489216804504395], "mean": 0.4269549051920573, "stdev": 0.05093171005607756}, "ECM_count": {"all_values": [6486, 6486, 6486], "mean": 6486, "stdev": 0.0}, "max_rss": {"all_values": [354292, 392456, 405700], "mean": 384149.3333333333, "stdev": 26691.686895611027}, "swap": {"all_values": [0, 0, 0], "mean": 0, "stdev": 0.0}}}