{"20": {"time_total": {"all_values": [3505.7111279964447, 3497.641503572464, 3707.9220581054688], "mean": 3570.424896558126, "stdev": 119.14437370169067}, "time_initial_setup": {"all_values": [8.351394891738892, 8.40381383895874, 8.394551038742065], "mean": 8.383253256479898, "stdev": 0.027976175934923797}, "time_projection": {"all_values": [339.4968955516815, 340.4710795879364, 547.3104083538055], "mean": 409.0927944978078, "stdev": 119.70095590123077}, "time_enumeration": {"all_values": [1985.4468958377838, 1989.2547268867493, 1989.7615931034088], "mean": 1988.1544052759807, "stdev": 2.3584282602702435}, "time_postprocessing": {"all_values": [1172.4148211479187, 1159.5101480484009, 1162.454222202301], "mean": 1164.7930637995403, "stdev": 6.762786553195876}, "ECM_count": {"all_values": [35512330, 35512330, 35512330], "mean": 35512330, "stdev": 0.0}, "max_rss": {"all_values": [858868, 850712, 870624], "mean": 860068, "stdev": 10010.091707871612}, "swap": {"all_values": [0, 0, 0], "mean": 0, "stdev": 0.0}}}