{"20": {"time_total": {"all_values": [782.048478603363, 852.6403765678406, 779.5013711452484], "mean": 804.7300754388174, "stdev": 41.51107869962017}, "time_initial_setup": {"all_values": [8.469976663589478, 8.420759439468384, 8.31150484085083], "mean": 8.400746981302897, "stdev": 0.08110920731887558}, "time_projection": {"all_values": [495.42556524276733, 583.9502937793732, 493.94081950187683], "mean": 524.4388928413391, "stdev": 51.5437314198764}, "time_enumeration": {"all_values": [198.20359015464783, 180.6812505722046, 196.38820934295654], "mean": 191.757683356603, "stdev": 9.635321701600624}, "time_postprocessing": {"all_values": [79.94787263870239, 79.58670854568481, 80.8594810962677], "mean": 80.13135409355164, "stdev": 0.6559242140556425}, "ECM_count": {"all_values": [2481162, 2481162, 2481162], "mean": 2481162, "stdev": 0.0}, "max_rss": {"all_values": [949076, 835056, 876120], "mean": 886750.6666666666, "stdev": 57748.5792494788}, "swap": {"all_values": [0, 0, 0], "mean": 0, "stdev": 0.0}}}