{"20": {"time_total": {"all_values": [549.8079454898834, 551.5400152206421, 550.0610058307648], "mean": 550.4696555137634, "stdev": 0.935554547107638}, "time_initial_setup": {"all_values": [8.365777254104614, 8.363962173461914, 7.9665679931640625], "mean": 8.232102473576864, "stdev": 0.22996139642450222}, "time_projection": {"all_values": [472.96390318870544, 472.2520008087158, 474.06567335128784], "mean": 473.0938591162364, "stdev": 0.9137934286507167}, "time_enumeration": {"all_values": [48.08334517478943, 51.130598068237305, 47.92975306510925], "mean": 49.04789876937866, "stdev": 1.8053046588148807}, "time_postprocessing": {"all_values": [20.393816709518433, 19.7921462059021, 20.097735166549683], "mean": 20.094566027323406, "stdev": 0.3008477709956642}, "ECM_count": {"all_values": [620298, 620298, 620298], "mean": 620298, "stdev": 0.0}, "max_rss": {"all_values": [931992, 824260, 825916], "mean": 860722.6666666666, "stdev": 61726.60681856191}, "swap": {"all_values": [0, 0, 0], "mean": 0, "stdev": 0.0}}}