{"20": {"time_total": {"all_values": [657.7013456821442, 717.9920058250427, 625.4213953018188], "mean": 667.0382489363352, "stdev": 46.98630444016847}, "time_initial_setup": {"all_values": [7.9468395709991455, 8.484015226364136, 8.188783168792725], "mean": 8.206545988718668, "stdev": 0.2690279901943157}, "time_projection": {"all_values": [507.94629859924316, 570.5892164707184, 484.0643353462219], "mean": 520.8666168053945, "stdev": 44.68601269204061}, "time_enumeration": {"all_values": [101.8342957496643, 98.9337706565857, 93.64884519577026], "mean": 98.13897053400676, "stdev": 4.150202479241187}, "time_postprocessing": {"all_values": [39.97279906272888, 39.9837212562561, 39.51813793182373], "mean": 39.824886083602905, "stdev": 0.2657078189342878}, "ECM_count": {"all_values": [1240586, 1240586, 1240586], "mean": 1240586, "stdev": 0.0}, "max_rss": {"all_values": [882956, 936424, 941500], "mean": 920293.3333333334, "stdev": 32434.53081722215}, "swap": {"all_values": [0, 0, 0], "mean": 0, "stdev": 0.0}}}