{"20": {"time_total": {"all_values": [2410.721908569336, 2420.499166727066, 2490.5993387699127], "mean": 2440.6068046887717, "stdev": 43.569929907692874}, "time_initial_setup": {"all_values": [9.300943613052368, 9.011611700057983, 9.499674320220947], "mean": 9.270743211110434, "stdev": 0.2454288664932779}, "time_projection": {"all_values": [529.4154751300812, 560.8655440807343, 588.1876637935638], "mean": 559.4895610014597, "stdev": 29.410245445249814}, "time_enumeration": {"all_values": [1272.8468008041382, 1259.6565680503845, 1289.9046351909637], "mean": 1274.1360013484955, "stdev": 15.165187765666653}, "time_postprocessing": {"all_values": [599.1572375297546, 590.9638533592224, 603.0060877799988], "mean": 597.7090595563253, "stdev": 6.150346904303632}, "ECM_count": {"all_values": [17756170, 17756170, 17756170], "mean": 17756170, "stdev": 0.0}, "max_rss": {"all_values": [850136, 961944, 952020], "mean": 921366.6666666666, "stdev": 61886.81078657498}, "swap": {"all_values": [0, 0, 0], "mean": 0, "stdev": 0.0}}}