{"20": {"time_total": {"all_values": [13907.288130283356, 13821.075497865677, 13962.44302201271], "mean": 13896.935550053915, "stdev": 71.25009585201134}, "time_initial_setup": {"all_values": [8.593696594238281, 8.634424924850464, 8.617198705673218], "mean": 8.61510674158732, "stdev": 0.020444594980491164}, "time_projection": {"all_values": [356.1799123287201, 356.90583515167236, 505.3575360774994], "mean": 406.14776118596393, "stdev": 85.91895202170515}, "time_enumeration": {"all_values": [8691.362975358963, 8679.3295109272, 8690.662897109985], "mean": 8687.11846113205, "stdev": 6.754504893690485}, "time_postprocessing": {"all_values": [4851.150438547134, 4776.204495191574, 4757.804151535034], "mean": 4795.053028424581, "stdev": 49.44524980736945}, "ECM_count": {"all_values": [142049290, 142049290, 142049290], "mean": 142049290, "stdev": 0.0}, "max_rss": {"all_values": [970876, 972016, 868100], "mean": 936997.3333333334, "stdev": 59669.563475304}, "swap": {"all_values": [0, 0, 0], "mean": 0, "stdev": 0.0}}}