{"20": {"time_total": {"all_values": [27667.30453824997, 27560.116162776947, 27590.424347639084], "mean": 27605.948349555332, "stdev": 55.25470962513695}, "time_initial_setup": {"all_values": [9.111534833908081, 9.131844997406006, 9.096315383911133], "mean": 9.113231738408407, "stdev": 0.017825486597458848}, "time_projection": {"all_values": [365.5092182159424, 365.706175327301, 366.55301904678345], "mean": 365.9228041966756, "stdev": 0.5545954326362686}, "time_enumeration": {"all_values": [17609.33405303955, 17620.084263563156, 17614.994661092758], "mean": 17614.804325898487, "stdev": 5.377632117400007}, "time_postprocessing": {"all_values": [9683.348637342453, 9565.191504240036, 9599.779051303864], "mean": 9616.106397628784, "stdev": 60.74712918530386}, "ECM_count": {"all_values": [284098570, 284098570, 284098570], "mean": 284098570, "stdev": 0.0}, "max_rss": {"all_values": [997348, 981092, 987704], "mean": 988714.6666666666, "stdev": 8174.990479097412}, "swap": {"all_values": [0, 0, 0], "mean": 0, "stdev": 0.0}}}