{"20": {"time_total": {"all_values": [578.7744469642639, 648.5421838760376, 509.48572611808777], "mean": 578.9341189861298, "stdev": 69.52836638677084}, "time_initial_setup": {"all_values": [12.034039974212646, 10.26810073852539, 8.142291784286499], "mean": 10.148144165674845, "stdev": 1.9486452160349501}, "time_projection": {"all_values": [527.8048202991486, 602.763514995575, 465.7379868030548], "mean": 532.1021073659261, "stdev": 68.61376575593634}, "time_enumeration": {"all_values": [26.79417061805725, 24.836633920669556, 25.346595764160156], "mean": 25.659133434295654, "stdev": 1.0155034844081903}, "time_postprocessing": {"all_values": [12.139938354492188, 10.672189235687256, 10.257529735565186], "mean": 11.023219108581543, "stdev": 0.9890814076206267}, "ECM_count": {"all_values": [310154, 310154, 310154], "mean": 310154, "stdev": 0.0}, "max_rss": {"all_values": [964084, 879292, 845564], "mean": 896313.3333333334, "stdev": 61065.88197457999}, "swap": {"all_values": [0, 0, 0], "mean": 0, "stdev": 0.0}}}