{"20": {"time_total": {"all_values": [1189.4802558422089, 1124.4939374923706, 1108.2614278793335], "mean": 1140.7452070713043, "stdev": 42.97909173204069}, "time_initial_setup": {"all_values": [8.507327556610107, 10.310821533203125, 8.446868658065796], "mean": 9.088339249293009, "stdev": 1.059132201596603}, "time_projection": {"all_values": [603.1277258396149, 543.6754655838013, 536.1906304359436], "mean": 560.9979406197866, "stdev": 36.676897241987334}, "time_enumeration": {"all_values": [394.19881868362427, 406.3934464454651, 400.72093772888184], "mean": 400.4377342859904, "stdev": 6.102244644801934}, "time_postprocessing": {"all_values": [183.6448974609375, 164.11241793632507, 162.90165066719055], "mean": 170.21965535481772, "stdev": 11.64235086015495}, "ECM_count": {"all_values": [4962314, 4962314, 4962314], "mean": 4962314, "stdev": 0.0}, "max_rss": {"all_values": [951832, 977988, 958668], "mean": 962829.3333333334, "stdev": 13565.456326026535}, "swap": {"all_values": [0, 0, 0], "mean": 0, "stdev": 0.0}}}