{"20": {"time_total": {"all_values": [462.3195502758026, 459.6679337024689, 462.90691328048706], "mean": 461.6314657529195, "stdev": 1.7256426077488252}, "time_initial_setup": {"all_values": [7.346576929092407, 7.524322986602783, 7.566902160644531], "mean": 7.479267358779907, "stdev": 0.11686876876868946}, "time_projection": {"all_values": [442.17005228996277, 438.3602123260498, 441.6770589351654], "mean": 440.7357745170593, "stdev": 2.0720116805858164}, "time_enumeration": {"all_values": [10.029015302658081, 11.156656742095947, 11.06200647354126], "mean": 10.749226172765097, "stdev": 0.6255137419750235}, "time_postprocessing": {"all_values": [2.7727980613708496, 2.625469207763672, 2.599526882171631], "mean": 2.6659313837687173, "stdev": 0.09345381827710096}, "ECM_count": {"all_values": [77546, 77546, 77546], "mean": 77546, "stdev": 0.0}, "max_rss": {"all_values": [549048, 548740, 550716], "mean": 549501.3333333334, "stdev": 1063.1450198977248}, "swap": {"all_values": [0, 0, 0], "mean": 0, "stdev": 0.0}}}