{"20": {"time_total": {"all_values": [446.85977387428284, 418.553200006485, 450.3103857040405], "mean": 438.5744531949361, "stdev": 17.424540594430727}, "time_initial_setup": {"all_values": [6.4237658977508545, 7.415860652923584, 6.570333957672119], "mean": 6.8033201694488525, "stdev": 0.5355137084789372}, "time_projection": {"all_values": [438.428293466568, 409.2899010181427, 441.7932255268097], "mean": 429.83714000384015, "stdev": 17.873792669549285}, "time_enumeration": {"all_values": [1.6805195808410645, 1.5522141456604004, 1.6596710681915283], "mean": 1.6308015982309978, "stdev": 0.06885242113445525}, "time_postprocessing": {"all_values": [0.3257441520690918, 0.2935831546783447, 0.2858753204345703], "mean": 0.30173420906066895, "stdev": 0.02114735680015733}, "ECM_count": {"all_values": [4132, 4132, 4132], "mean": 4132, "stdev": 0.0}, "max_rss": {"all_values": [206388, 336148, 207748], "mean": 250094.66666666666, "stdev": 74527.47502319753}, "swap": {"all_values": [0, 0, 0], "mean": 0, "stdev": 0.0}}}