{"20": {"time_total": {"all_values": [476.5372083187103, 480.1838982105255, 476.2570593357086], "mean": 477.65938862164813, "stdev": 2.1907720925325678}, "time_initial_setup": {"all_values": [7.760789394378662, 7.820805549621582, 7.548675060272217], "mean": 7.710090001424153, "stdev": 0.14297402611260548}, "time_projection": {"all_values": [450.14723801612854, 452.122718334198, 448.9833302497864], "mean": 450.41776220003766, "stdev": 1.5870812476669807}, "time_enumeration": {"all_values": [13.56792426109314, 15.25551724433899, 14.833648204803467], "mean": 14.5523632367452, "stdev": 0.878255910436595}, "time_postprocessing": {"all_values": [5.060079097747803, 4.9832377433776855, 4.8900556564331055], "mean": 4.977790832519531, "stdev": 0.08514249395892504}, "ECM_count": {"all_values": [155082, 155082, 155082], "mean": 155082, "stdev": 0.0}, "max_rss": {"all_values": [656888, 656120, 738208], "mean": 683738.6666666666, "stdev": 47173.389334807536}, "swap": {"all_values": [0, 0, 0], "mean": 0, "stdev": 0.0}}}