{"20": {"time_total": {"all_values": [509.9176342487335, 501.71203231811523, 463.29551100730896], "mean": 491.64172585805255, "stdev": 24.889031681331637}, "time_initial_setup": {"all_values": [7.143298625946045, 6.6633384227752686, 8.061007261276245], "mean": 7.2892147699991865, "stdev": 0.7101677170575061}, "time_projection": {"all_values": [499.47480607032776, 491.9760527610779, 452.3234431743622], "mean": 481.2581006685893, "stdev": 25.33709984448537}, "time_enumeration": {"all_values": [2.8263943195343018, 2.449022054672241, 2.301042318344116], "mean": 2.5254862308502197, "stdev": 0.27089436865236954}, "time_postprocessing": {"all_values": [0.47191381454467773, 0.6222922801971436, 0.6084239482879639], "mean": 0.5675433476765951, "stdev": 0.08310739054234074}, "ECM_count": {"all_values": [9702, 9702, 9702], "mean": 9702, "stdev": 0.0}, "max_rss": {"all_values": [334488, 343200, 363388], "mean": 347025.3333333333, "stdev": 14824.890601057848}, "swap": {"all_values": [0, 0, 0], "mean": 0, "stdev": 0.0}}}