{"3": {"time_total": {"all_values": [2898.670575618744, 2998.9989511966705, 2896.517782688141], "mean": 2931.3957698345184, "stdev": 58.555966622228475}, "time_initial_setup": {"all_values": [30.394214391708374, 30.23477792739868, 30.170562028884888], "mean": 30.266518115997314, "stdev": 0.1151550021854877}, "time_projection": {"all_values": [350.46448493003845, 437.7394132614136, 350.9763240814209], "mean": 379.7267407576243, "stdev": 50.24109993922458}, "time_enumeration": {"all_values": [2485.017724752426, 2496.2189314365387, 2481.485970020294], "mean": 2487.5742087364197, "stdev": 7.691992316262992}, "time_postprocessing": {"all_values": [32.792911767959595, 34.80447816848755, 33.883671283721924], "mean": 33.82702040672302, "stdev": 1.0069790649918229}, "ECM_count": {"all_values": [2481162, 2481162, 2481162], "mean": 2481162, "stdev": 0.0}, "max_rss": {"all_values": [640920, 629704, 657240], "mean": 642621.3333333334, "stdev": 13846.61421912712}, "swap": {"all_values": [0, 0, 0], "mean": 0, "stdev": 0.0}}, "5": {"time_total": {"all_values": [1684.4047167301178, 1587.0297203063965, 1568.9794433116913], "mean": 1613.4712934494019, "stdev": 62.08958067693248}, "time_initial_setup": {"all_values": [15.756407499313354, 15.76144003868103, 15.801806211471558], "mean": 15.773217916488647, "stdev": 0.024885730261421227}, "time_projection": {"all_values": [654.1533558368683, 565.6023783683777, 604.6674363613129], "mean": 608.1410568555197, "stdev": 44.377566767000786}, "time_enumeration": {"all_values": [992.1249685287476, 982.4965541362762, 925.281168460846], "mean": 966.6342303752899, "stdev": 36.13493307317954}, "time_postprocessing": {"all_values": [22.36848735809326, 23.167745351791382, 23.227680444717407], "mean": 22.92130438486735, "stdev": 0.47969058012381305}, "ECM_count": {"all_values": [2481162, 2481162, 2481162], "mean": 2481162, "stdev": 0.0}, "max_rss": {"all_values": [633388, 638924, 631224], "mean": 634512, "stdev": 3971.1499593946337}, "swap": {"all_values": [0, 0, 0], "mean": 0, "stdev": 0.0}}, "10": {"time_total": {"all_values": [1062.9981937408447, 1087.8404500484467, 1182.289033651352], "mean": 1111.042559146881, "stdev": 62.939093746258415}, "time_initial_setup": {"all_values": [8.540947675704956, 10.91944146156311, 10.933858394622803], "mean": 10.131415843963623, "stdev": 1.3774047000329175}, "time_projection": {"all_values": [658.8617830276489, 661.904149055481, 778.8280410766602], "mean": 699.86465771993, "stdev": 68.4012129360165}, "time_enumeration": {"all_values": [379.4846980571747, 398.8829417228699, 376.40736746788025], "mean": 384.9250024159749, "stdev": 12.18546442119355}, "time_postprocessing": {"all_values": [16.109414100646973, 16.132579565048218, 16.118029832839966], "mean": 16.12000783284505, "stdev": 0.011708716763438666}, "ECM_count": {"all_values": [2481162, 2481162, 2481162], "mean": 2481162, "stdev": 0.0}, "max_rss": {"all_values": [634556, 631240, 659192], "mean": 641662.6666666666, "stdev": 15271.12010735733}, "swap": {"all_values": [0, 0, 0], "mean": 0, "stdev": 0.0}}, "20": {"time_total": {"all_values": [1120.296792268753, 1116.7552888393402, 994.4793086051941], "mean": 1077.1771299044292, "stdev": 71.64030148851478}, "time_initial_setup": {"all_values": [8.38304328918457, 8.795055389404297, 8.389407873153687], "mean": 8.522502183914185, "stdev": 0.23605945087938446}, "time_projection": {"all_values": [897.7330729961395, 901.305900812149, 782.6041934490204], "mean": 860.547722419103, "stdev": 67.52471070566162}, "time_enumeration": {"all_values": [201.33763194084167, 194.08507823944092, 191.10557579994202], "mean": 195.50942866007486, "stdev": 5.262634683141201}, "time_postprocessing": {"all_values": [12.841711044311523, 12.567959308624268, 12.378484725952148], "mean": 12.596051692962646, "stdev": 0.2328874020821149}, "ECM_count": {"all_values": [2481162, 2481162, 2481162], "mean": 2481162, "stdev": 0.0}, "max_rss": {"all_values": [624056, 624084, 633240], "mean": 627126.6666666666, "stdev": 5294.320478903155}, "swap": {"all_values": [0, 0, 0], "mean": 0, "stdev": 0.0}}, "30": {"time_total": {"all_values": [1092.8746483325958, 1075.544280052185, 1080.3085322380066], "mean": 1082.909153540929, "stdev": 8.953091061447878}, "time_initial_setup": {"all_values": [8.394083023071289, 8.253340005874634, 8.555778980255127], "mean": 8.40106733640035, "stdev": 0.15134040696585305}, "time_projection": {"all_values": [931.0744860172272, 926.9195086956024, 933.5393817424774], "mean": 930.5111254851023, "stdev": 3.3457003909574015}, "time_enumeration": {"all_values": [143.23713850975037, 130.48690938949585, 128.80928349494934], "mean": 134.17777713139853, "stdev": 7.890350346986695}, "time_postprocessing": {"all_values": [10.167654514312744, 9.883154153823853, 9.402775526046753], "mean": 9.817861398061117, "stdev": 0.3865971089377426}, "ECM_count": {"all_values": [2481162, 2481162, 2481162], "mean": 2481162, "stdev": 0.0}, "max_rss": {"all_values": [625584, 623592, 623180], "mean": 624118.6666666666, "stdev": 1285.6272139828611}, "swap": {"all_values": [0, 0, 0], "mean": 0, "stdev": 0.0}}, "40": {"time_total": {"all_values": [1020.6863963603973, 873.2306900024414, 989.993890285492], "mean": 961.3036588827769, "stdev": 77.80194964033313}, "time_initial_setup": {"all_values": [8.874723672866821, 7.481632471084595, 7.4356849193573], "mean": 7.930680354436238, "stdev": 0.8178882164956914}, "time_projection": {"all_values": [933.6073007583618, 784.5054085254669, 903.7424092292786], "mean": 873.9517061710358, "stdev": 78.8888969271706}, "time_enumeration": {"all_values": [68.63936519622803, 71.27746272087097, 69.40078258514404], "mean": 69.77253683408101, "stdev": 1.3577704347877906}, "time_postprocessing": {"all_values": [9.563702583312988, 9.96494460105896, 9.413738250732422], "mean": 9.647461811701456, "stdev": 0.28498915139922304}, "ECM_count": {"all_values": [2481162, 2481162, 2481162], "mean": 2481162, "stdev": 0.0}, "max_rss": {"all_values": [623400, 655956, 624316], "mean": 634557.3333333334, "stdev": 18537.447648835947}, "swap": {"all_values": [0, 0, 0], "mean": 0, "stdev": 0.0}}, "50": {"time_total": {"all_values": [1000.2184875011444, 1009.817526102066, 1011.2502043247223], "mean": 1007.0954059759775, "stdev": 5.998512107560066}, "time_initial_setup": {"all_values": [7.516293048858643, 7.601239442825317, 7.561541318893433], "mean": 7.559691270192464, "stdev": 0.04250340541806442}, "time_projection": {"all_values": [930.1755821704865, 933.1763195991516, 936.3616020679474], "mean": 933.2378346125284, "stdev": 3.0934687028639427}, "time_enumeration": {"all_values": [52.61140704154968, 58.72995066642761, 57.11031889915466], "mean": 56.150558869043984, "stdev": 3.1701732616581264}, "time_postprocessing": {"all_values": [9.91395092010498, 10.308751106262207, 10.215442895889282], "mean": 10.146048307418823, "stdev": 0.2063455922213592}, "ECM_count": {"all_values": [2481162, 2481162, 2481162], "mean": 2481162, "stdev": 0.0}, "max_rss": {"all_values": [654572, 649876, 655880], "mean": 653442.6666666666, "stdev": 3157.3009570412087}, "swap": {"all_values": [0, 0, 0], "mean": 0, "stdev": 0.0}}, "60": {"time_total": {"all_values": [1269.990134716034, 1381.6153502464294, 1152.0383520126343], "mean": 1267.8812789916992, "stdev": 114.80302689328161}, "time_initial_setup": {"all_values": [6.281996011734009, 6.307487964630127, 6.339918375015259], "mean": 6.309800783793132, "stdev": 0.029030361544111802}, "time_projection": {"all_values": [1207.4239149093628, 1321.1929559707642, 1090.34388256073], "mean": 1206.3202511469524, "stdev": 115.42849400751611}, "time_enumeration": {"all_values": [45.99320101737976, 44.466450691223145, 45.456172943115234], "mean": 45.305274883906044, "stdev": 0.7744800241514678}, "time_postprocessing": {"all_values": [10.289738416671753, 9.647171974182129, 9.89714002609253], "mean": 9.94468347231547, "stdev": 0.3239107789384418}, "ECM_count": {"all_values": [2481162, 2481162, 2481162], "mean": 2481162,