{"3": {"time_total": {"all_values": [407.7133250236511, 406.5644164085388, 407.0126004219055], "mean": 407.0967806180318, "stdev": 0.5790617242874161}, "time_initial_setup": {"all_values": [23.514086484909058, 23.649274587631226, 23.360141277313232], "mean": 23.50783411661784, "stdev": 0.14466802295530623}, "time_projection": {"all_values": [315.702584028244, 314.2564387321472, 314.68743205070496], "mean": 314.88215160369873, "stdev": 0.7424761495120891}, "time_enumeration": {"all_values": [66.02730965614319, 66.12335753440857, 66.4602735042572], "mean": 66.20364689826965, "stdev": 0.22737460259522574}, "time_postprocessing": {"all_values": [2.4682576656341553, 2.534041166305542, 2.503492593765259], "mean": 2.5019304752349854, "stdev": 0.03291955954858072}, "ECM_count": {"all_values": [77546, 77546, 77546], "mean": 77546, "stdev": 0.0}, "max_rss": {"all_values": [508376, 505268, 510464], "mean": 508036, "stdev": 2614.6326701852404}, "swap": {"all_values": [0, 0, 0], "mean": 0, "stdev": 0.0}}, "5": {"time_total": {"all_values": [383.34364104270935, 355.2720527648926, 354.48683500289917], "mean": 364.36750960350037, "stdev": 16.438500997111603}, "time_initial_setup": {"all_values": [10.156154870986938, 10.105216026306152, 10.146286010742188], "mean": 10.135885636011759, "stdev": 0.027015131320304708}, "time_projection": {"all_values": [348.6261737346649, 320.56077313423157, 318.40389823913574], "mean": 329.19694836934406, "stdev": 16.860727328635434}, "time_enumeration": {"all_values": [22.09044861793518, 22.084547519683838, 23.42807149887085], "mean": 22.534355878829956, "stdev": 0.773986054699277}, "time_postprocessing": {"all_values": [2.4696273803710938, 2.5202786922454834, 2.5073282718658447], "mean": 2.499078114827474, "stdev": 0.026314210362796478}, "ECM_count": {"all_values": [77546, 77546, 77546], "mean": 77546, "stdev": 0.0}, "max_rss": {"all_values": [551696, 519584, 511020], "mean": 527433.3333333334, "stdev": 21443.956475737712}, "swap": {"all_values": [0, 0, 0], "mean": 0, "stdev": 0.0}}, "10": {"time_total": {"all_values": [374.5977921485901, 377.3461515903473, 375.7059874534607], "mean": 375.883310397466, "stdev": 1.3827336963880745}, "time_initial_setup": {"all_values": [6.3328211307525635, 6.306227207183838, 6.333974123001099], "mean": 6.3243408203125, "stdev": 0.015697438746891983}, "time_projection": {"all_values": [356.2942569255829, 359.1315886974335, 357.45037484169006], "mean": 357.6254068215688, "stdev": 1.4267410561743155}, "time_enumeration": {"all_values": [9.439132690429688, 9.372290849685669, 9.403517961502075], "mean": 9.404980500539144, "stdev": 0.03344491267500032}, "time_postprocessing": {"all_values": [2.5303564071655273, 2.5347657203674316, 2.5168919563293457], "mean": 2.5273380279541016, "stdev": 0.009311327511169877}, "ECM_count": {"all_values": [77546, 77546, 77546], "mean": 77546, "stdev": 0.0}, "max_rss": {"all_values": [506012, 509460, 503160], "mean": 506210.6666666667, "stdev": 3154.695125259069}, "swap": {"all_values": [0, 0, 0], "mean": 0, "stdev": 0.0}}, "20": {"time_total": {"all_values": [476.3542799949646, 478.8324830532074, 469.3357126712799], "mean": 474.8408252398173, "stdev": 4.925958880631494}, "time_initial_setup": {"all_values": [6.48029637336731, 6.454483270645142, 6.4917473793029785], "mean": 6.47550900777181, "stdev": 0.01908776049002343}, "time_projection": {"all_values": [461.11865186691284, 462.8806302547455, 454.1565315723419], "mean": 459.38527123133343, "stdev": 4.613125922401231}, "time_enumeration": {"all_values": [6.246394157409668, 6.939427375793457, 6.11281681060791], "mean": 6.432879447937012, "stdev": 0.4437384694912006}, "time_postprocessing": {"all_values": [2.5078532695770264, 2.556546688079834, 2.5733485221862793], "mean": 2.5459161599477134, "stdev": 0.03401710047701481}, "ECM_count": {"all_values": [77546, 77546, 77546], "mean": 77546, "stdev": 0.0}, "max_rss": {"all_values": [509368, 503660, 503988], "mean": 505672, "stdev": 3205.0285490148135}, "swap": {"all_values": [0, 0, 0], "mean": 0, "stdev": 0.0}}, "30": {"time_total": {"all_values": [590.3395416736603, 584.1855540275574, 708.4674589633942], "mean": 627.664184888204, "stdev": 70.04530474585594}, "time_initial_setup": {"all_values": [6.476215600967407, 6.443389654159546, 6.459368705749512], "mean": 6.459657986958821, "stdev": 0.016414885277444988}, "time_projection": {"all_values": [576.564825296402, 570.8682260513306, 693.5175902843475], "mean": 613.65021387736, "stdev": 69.2257984521761}, "time_enumeration": {"all_values": [4.7195844650268555, 4.337488889694214, 5.930005311965942], "mean": 4.995692888895671, "stdev": 0.8313868143648765}, "time_postprocessing": {"all_values": [2.5776634216308594, 2.535186767578125, 2.55922794342041], "mean": 2.5573593775431314, "stdev": 0.021299887058555417}, "ECM_count": {"all_values": [77546, 77546, 77546], "mean": 77546, "stdev": 0.0}, "max_rss": {"all_values": [505440, 503980, 505896], "mean": 505105.3333333333, "stdev": 1000.8822774599086}, "swap": {"all_values": [0, 0, 0], "mean": 0, "stdev": 0.0}}, "40": {"time_total": {"all_values": [731.1054961681366, 735.0125470161438, 735.7314126491547], "mean": 733.949818611145, "stdev": 2.4893411918481725}, "time_initial_setup": {"all_values": [6.498067617416382, 6.520399570465088, 6.518056392669678], "mean": 6.512174526850383, "stdev": 0.012272990299008153}, "time_projection": {"all_values": [718.567146062851, 721.1591401100159, 722.2131459712982], "mean": 720.6464773813883, "stdev": 1.8762851963633433}, "time_enumeration": {"all_values": [3.4019525051116943, 4.725769758224487, 4.386618137359619], "mean": 4.171446800231934, "stdev": 0.6876387555619318}, "time_postprocessing": {"all_values": [2.6372437477111816, 2.6059587001800537, 2.612330913543701], "mean": 2.618511120478312, "stdev": 0.01653283908081712}, "ECM_count": {"all_values": [77546, 77546, 77546], "mean": 77546, "stdev": 0.0}, "max_rss": {"all_values": [506592, 535332, 521516], "mean": 521146.6666666667, "stdev": 14373.559243741034}, "swap": {"all_values": [0, 0, 0], "mean": 0, "stdev": 0.0}}, "50": {"time_total": {"all_values": [875.0686082839966, 986.1250691413879, 900.0842866897583], "mean": 920.425988038381, "stdev": 58.25566912206693}, "time_initial_setup": {"all_values": [5.327316761016846, 5.33233904838562, 5.330857992172241], "mean": 5.330171267191569, "stdev": 0.0025806076809440025}, "time_projection": {"all_values": [864.0759468078613, 974.9063534736633, 889.0558800697327], "mean": 909.3460601170858, "stdev": 58.13444172942806}, "time_enumeration": {"all_values": [3.0469346046447754, 3.0545406341552734, 3.032381057739258], "mean": 3.044618765513102, "stdev": 0.01125984191261807}, "time_postprocessing": {"all_values": [2.617156982421875, 2.8295514583587646, 2.6639153957366943], "mean": 2.7035412788391113, "stdev": 0.11160426206405072}, "ECM_count": {"all_values": [77546, 77546, 77546], "mean": 77546, "stdev": 0.0}, "max_rss": {"all_values": [504644, 502420, 502856], "mean": 503306.6666666667, "stdev": 1178.5030052288087}, "swap": {"all_values": [0, 0, 0], "mean": 0, "stdev": 0.0}}, "60": {"time_total": {"all_values": [1018.4235920906067, 1021.0552432537079, 1017.9064130783081], "mean": 1019.1284161408743, "stdev": 1.6885987015136856}, "time_initial_setup": {"all_values": [5.525620937347412, 5.578092336654663, 5.551484823226929], "mean": 5.551732699076335, "stdev": 0.02623657786645933}, "time_projection": {"all_values": [1007.4388818740845, 1009.9286580085754, 1007.0081560611725], "mean": 1008.1252319812775, "stdev": 1.576591341606628}, "time_enumeration": {"all_values": [2.836160182952881, 2.9362611770629883, 2.690582036972046], "mean": 2.821001132329305, "stdev": 0.12353909333005615}, "time_postprocessing": {"all_values": [2.621662139892578, 2.6109964847564697, 2.6549344062805176], "mean": 2.629197676976522, "stdev": 0.022917754609057248}, "ECM_count": {"all_values": [77546, 77546, 77546], "mean": 77546, "stdev": 0.0},