{"20": {"time_total": {"all_values": [93.97469711303711, 94.86018228530884, 94.87928462028503], "mean": 94.57138800621033, "stdev": 0.516837732075818}, "time_initial_setup": {"all_values": [1.5126087665557861, 1.5159707069396973, 1.5271024703979492], "mean": 1.5185606479644775, "stdev": 0.0075860206070088665}, "time_projection": {"all_values": [85.61293888092041, 86.53767728805542, 86.52476024627686], "mean": 86.2251254717509, "stdev": 0.5302084769093814}, "time_enumeration": {"all_values": [1.68576979637146, 1.6552696228027344, 1.6715784072875977], "mean": 1.6708726088205974, "stdev": 0.015262331425362631}, "time_postprocessing": {"all_values": [5.162174463272095, 5.149989366531372, 5.154551267623901], "mean": 5.155571699142456, "stdev": 0.006156306198382058}, "ECM_count": {"all_values": [689, 689, 689], "mean": 689, "stdev": 0.0}, "max_rss": {"all_values": [189676, 189620, 217172], "mean": 198822.66666666666, "stdev": 15891.013477224584}, "swap": {"all_values": [0, 0, 0], "mean": 0, "stdev": 0.0}}}