cores,time_total,time_initial_setup,time_projection,time_enumeration,time_postprocessing,ECM_count,max_rss,swap
3,87.36080940564473,1.698160966237386,80.9683514436086,4.579732338587443,0.11322418848673503,689,329416,0
5,101.30099391937256,1.5014739036560059,97.52620530128479,2.1515393257141113,0.12046162287394206,689,328918.6666666667,0
10,117.17354846000671,1.5088806947072346,113.5985513528188,1.909352699915568,0.15522400538126627,689,332402.6666666667,0
20,100.05880212783813,1.5072721640268962,96.79563848177592,1.5656280517578125,0.18896015485127768,689,327752,0
30,98.6292535463969,1.632935921351115,94.99304032325745,1.770004669825236,0.23183012008666992,689,329704,0
40,124.8750524520874,1.5541839599609375,121.58999355634053,1.444526195526123,0.2850627899169922,689,329690.6666666667,0
60,102.3631518681844,1.6218197345733643,98.93039608001709,1.4770415623982747,0.3325974941253662,689,329748,0
