{"3": {"time_total": {"all_values": [87.02452850341797, 87.79331731796265, 87.26458239555359], "mean": 87.36080940564473, "stdev": 0.3933240247500321}, "time_initial_setup": {"all_values": [1.6508488655090332, 1.65826416015625, 1.785369873046875], "mean": 1.698160966237386, "stdev": 0.0756160810863394}, "time_projection": {"all_values": [80.61908650398254, 81.30863690376282, 80.97733092308044], "mean": 80.9683514436086, "stdev": 0.3448628883309607}, "time_enumeration": {"all_values": [4.642834663391113, 4.7087767124176025, 4.387585639953613], "mean": 4.579732338587443, "stdev": 0.16963889236953542}, "time_postprocessing": {"all_values": [0.11056399345397949, 0.11608123779296875, 0.11302733421325684], "mean": 0.11322418848673503, "stdev": 0.0027638849429321806}, "ECM_count": {"all_values": [689, 689, 689], "mean": 689, "stdev": 0.0}, "max_rss": {"all_values": [329572, 329524, 329152], "mean": 329416, "stdev": 229.8869287280162}, "swap": {"all_values": [0, 0, 0], "mean": 0, "stdev": 0.0}}, "5": {"time_total": {"all_values": [81.49265170097351, 81.06643557548523, 141.34389448165894], "mean": 101.30099391937256, "stdev": 34.678823929413646}, "time_initial_setup": {"all_values": [1.504460334777832, 1.4657220840454102, 1.5342392921447754], "mean": 1.5014739036560059, "stdev": 0.03435609159329665}, "time_projection": {"all_values": [77.67676544189453, 77.30841517448425, 137.5934352874756], "mean": 97.52620530128479, "stdev": 34.69972780231288}, "time_enumeration": {"all_values": [2.1840193271636963, 2.179889440536499, 2.0907092094421387], "mean": 2.1515393257141113, "stdev": 0.05272088082661992}, "time_postprocessing": {"all_values": [0.12606501579284668, 0.1111142635345459, 0.1242055892944336], "mean": 0.12046162287394206, "stdev": 0.008148264336077815}, "ECM_count": {"all_values": [689, 689, 689], "mean": 689, "stdev": 0.0}, "max_rss": {"all_values": [329728, 329668, 327360], "mean": 328918.6666666667, "stdev": 1350.1782598358386}, "swap": {"all_values": [0, 0, 0], "mean": 0, "stdev": 0.0}}, "10": {"time_total": {"all_values": [86.19594717025757, 87.45866179466248, 177.8660364151001], "mean": 117.17354846000671, "stdev": 52.56502813363689}, "time_initial_setup": {"all_values": [1.5049903392791748, 1.4876048564910889, 1.5340468883514404], "mean": 1.5088806947072346, "stdev": 0.023464158409091808}, "time_projection": {"all_values": [82.67865991592407, 83.93791055679321, 174.17908358573914], "mean": 113.5985513528188, "stdev": 52.468057828187774}, "time_enumeration": {"all_values": [1.8538477420806885, 1.8842577934265137, 1.989952564239502], "mean": 1.909352699915568, "stdev": 0.07143840985416282}, "time_postprocessing": {"all_values": [0.1571178436279297, 0.14757895469665527, 0.16097521781921387], "mean": 0.15522400538126627, "stdev": 0.006896008547747}, "ECM_count": {"all_values": [689, 689, 689], "mean": 689, "stdev": 0.0}, "max_rss": {"all_values": [329684, 337908, 329616], "mean": 332402.6666666667, "stdev": 4767.879752398684}, "swap": {"all_values": [0, 0, 0], "mean": 0, "stdev": 0.0}}, "20": {"time_total": {"all_values": [120.13249731063843, 90.18726539611816, 89.85664367675781], "mean": 100.05880212783813, "stdev": 17.385115944373595}, "time_initial_setup": {"all_values": [1.526634693145752, 1.488032579421997, 1.5071492195129395], "mean": 1.5072721640268962, "stdev": 0.019301350535663567}, "time_projection": {"all_values": [116.91820931434631, 86.93667936325073, 86.53202676773071], "mean": 96.79563848177592, "stdev": 17.427832011315257}, "time_enumeration": {"all_values": [1.5039255619049072, 1.5716257095336914, 1.6213328838348389], "mean": 1.5656280517578125, "stdev": 0.05893300208530932}, "time_postprocessing": {"all_values": [0.18235063552856445, 0.18967843055725098, 0.19485139846801758], "mean": 0.18896015485127768, "stdev": 0.006281258513183865}, "ECM_count": {"all_values": [689, 689, 689], "mean": 689, "stdev": 0.0}, "max_rss": {"all_values": [329324, 327848, 326084], "mean": 327752, "stdev": 1622.1319305161342}, "swap": {"all_values": [0, 0, 0], "mean": 0, "stdev": 0.0}}, "30": {"time_total": {"all_values": [98.85724902153015, 98.36665296554565, 98.66385865211487], "mean": 98.6292535463969, "stdev": 0.24712194872815368}, "time_initial_setup": {"all_values": [1.6848607063293457, 1.6263129711151123, 1.5876340866088867], "mean": 1.632935921351115, "stdev": 0.048950500487105454}, "time_projection": {"all_values": [95.17447900772095, 94.79222011566162, 95.01242184638977], "mean": 94.99304032325745, "stdev": 0.1918650508008233}, "time_enumeration": {"all_values": [1.7551066875457764, 1.7233765125274658, 1.8315308094024658], "mean": 1.770004669825236, "stdev": 0.05559496730937728}, "time_postprocessing": {"all_values": [0.24106836318969727, 0.22344422340393066, 0.23097777366638184], "mean": 0.23183012008666992, "stdev": 0.00884293201445051}, "ECM_count": {"all_values": [689, 689, 689], "mean": 689, "stdev": 0.0}, "max_rss": {"all_values": [327428, 332244, 329440], "mean": 329704, "stdev": 2418.8294689787454}, "swap": {"all_values": [0, 0, 0], "mean": 0, "stdev": 0.0}}, "40": {"time_total": {"all_values": [185.16270971298218, 94.45477962493896, 95.00766801834106], "mean": 124.8750524520874, "stdev": 52.211374573930044}, "time_initial_setup": {"all_values": [1.526442527770996, 1.5641112327575684, 1.571998119354248], "mean": 1.5541839599609375, "stdev": 0.024346273637028303}, "time_projection": {"all_values": [181.94543766975403, 91.13395476341248, 91.6905882358551], "mean": 121.58999355634053, "stdev": 52.27008882526598}, "time_enumeration": {"all_values": [1.4099655151367188, 1.4740664958953857, 1.4495465755462646], "mean": 1.444526195526123, "stdev": 0.032344042654184814}, "time_postprocessing": {"all_values": [0.2795732021331787, 0.28131866455078125, 0.2942965030670166], "mean": 0.2850627899169922, "stdev": 0.008044112981896516}, "ECM_count": {"all_values": [689, 689, 689], "mean": 689, "stdev": 0.0}, "max_rss": {"all_values": [329320, 330048, 329704], "mean": 329690.6666666667, "stdev": 364.1831041294109}, "swap": {"all_values": [0, 0, 0], "mean": 0, "stdev": 0.0}}, "60": {"time_total": {"all_values": [102.0067548751831, 102.28824877738953, 102.79445195198059], "mean": 102.3631518681844, "stdev": 0.399154764417006}, "time_initial_setup": {"all_values": [1.6143507957458496, 1.6484565734863281, 1.602651834487915], "mean": 1.6218197345733643, "stdev": 0.023798262837548732}, "time_projection": {"all_values": [98.58694052696228, 98.81388998031616, 99.39035773277283], "mean": 98.93039608001709, "stdev": 0.4141860150931566}, "time_enumeration": {"all_values": [1.4639315605163574, 1.4809978008270264, 1.4861953258514404], "mean": 1.4770415623982747, "stdev": 0.01164721763352773}, "time_postprocessing": {"all_values": [0.34024930000305176, 0.3436098098754883, 0.3139333724975586], "mean": 0.3325974941253662, "stdev": 0.016250702561855068}, "ECM_count": {"all_values": [689, 689, 689], "mean": 689, "stdev": 0.0}, "max_rss": {"all_values": [329772, 333832, 325640], "mean": 329748, "stdev": 4096.0527340355375}, "swap": {"all_values": [0, 0, 0], "mean": 0, "stdev": 0.0}}}