{"20": {"time_total": {"all_values": [18713.105859041214, 18725.550538301468, 18722.141077041626], "mean": 18720.26582479477, "stdev": 6.430780568069029}, "time_initial_setup": {"all_values": [9.171709299087524, 9.197057247161865, 9.201392412185669], "mean": 9.19005298614502, "stdev": 0.016033295203837176}, "time_projection": {"all_values": [392.8721981048584, 366.093647480011, 366.7141058444977], "mean": 375.2266504764557, "stdev": 15.284641162787786}, "time_enumeration": {"all_values": [17614.59304881096, 17634.972227573395, 17639.545068740845], "mean": 17629.703448375065, "stdev": 13.284233147830209}, "time_postprocessing": {"all_values": [696.4270815849304, 715.2284336090088, 706.6000230312347], "mean": 706.0851794083914, "stdev": 9.411243671817017}, "ECM_count": {"all_values": [284098570, 284098570, 284098570], "mean": 284098570, "stdev": 0.0}, "max_rss": {"all_values": [694208, 719884, 710300], "mean": 708130.6666666666, "stdev": 12974.735039041581}, "swap": {"all_values": [0, 0, 0], "mean": 0, "stdev": 0.0}}}