{"3": {"time_total": {"all_values": [371.3239436149597, 401.405620098114, 371.73409509658813], "mean": 381.48788626988727, "stdev": 17.250482506252858}, "time_initial_setup": {"all_values": [17.77956247329712, 17.803818225860596, 17.782292366027832], "mean": 17.788557688395183, "stdev": 0.01328631180502191}, "time_projection": {"all_values": [344.72060799598694, 374.71799063682556, 345.0693657398224], "mean": 354.8359881242116, "stdev": 17.219202244141897}, "time_enumeration": {"all_values": [3.720360517501831, 3.7829842567443848, 3.7788684368133545], "mean": 3.760737737019857, "stdev": 0.03502820128740975}, "time_postprocessing": {"all_values": [5.102355003356934, 5.099592447280884, 5.1022748947143555], "mean": 5.101407448450725, "stdev": 0.0015723473800486013}, "ECM_count": {"all_values": [4132, 4132, 4132], "mean": 4132, "stdev": 0.0}, "max_rss": {"all_values": [194640, 298212, 311748], "mean": 268200, "stdev": 64063.33603552035}, "swap": {"all_values": [0, 0, 0], "mean": 0, "stdev": 0.0}}, "5": {"time_total": {"all_values": [358.6358153820038, 240.14122366905212, 241.04672193527222], "mean": 279.9412536621094, "stdev": 68.15299344117054}, "time_initial_setup": {"all_values": [8.44064450263977, 8.448217630386353, 8.455634832382202], "mean": 8.448165655136108, "stdev": 0.007495300028463579}, "time_projection": {"all_values": [343.6902365684509, 225.20251727104187, 226.07346844673157], "mean": 264.98874076207477, "stdev": 68.1588858521645}, "time_enumeration": {"all_values": [1.3919825553894043, 1.3786470890045166, 1.4043729305267334], "mean": 1.3916675249735515, "stdev": 0.012865813756958312}, "time_postprocessing": {"all_values": [5.111691236495972, 5.1106061935424805, 5.1119794845581055], "mean": 5.1114256381988525, "stdev": 0.0007241470119896419}, "ECM_count": {"all_values": [4132, 4132, 4132], "mean": 4132, "stdev": 0.0}, "max_rss": {"all_values": [199384, 281216, 201128], "mean": 227242.66666666666, "stdev": 46750.41087876484}, "swap": {"all_values": [0, 0, 0], "mean": 0, "stdev": 0.0}}, "10": {"time_total": {"all_values": [246.13019609451294, 245.95931720733643, 246.20294880867004], "mean": 246.09748737017313, "stdev": 0.12506592172949704}, "time_initial_setup": {"all_values": [5.542339324951172, 5.5326313972473145, 5.615928411483765], "mean": 5.56363304456075, "stdev": 0.04554849082335611}, "time_projection": {"all_values": [234.4714012145996, 234.33083844184875, 234.43872499465942], "mean": 234.4136548837026, "stdev": 0.07355852172517358}, "time_enumeration": {"all_values": [0.985318660736084, 0.9582107067108154, 1.0113248825073242], "mean": 0.9849514166514078, "stdev": 0.026558992239896963}, "time_postprocessing": {"all_values": [5.129906415939331, 5.1363747119903564, 5.1357197761535645], "mean": 5.134000301361084, "stdev": 0.0035604997714379196}, "ECM_count": {"all_values": [4132, 4132, 4132], "mean": 4132, "stdev": 0.0}, "max_rss": {"all_values": [309532, 304756, 200456], "mean": 271581.3333333333, "stdev": 61642.6177683373}, "swap": {"all_values": [0, 0, 0], "mean": 0, "stdev": 0.0}}, "20": {"time_total": {"all_values": [253.26941990852356, 253.78789925575256, 253.5785186290741], "mean": 253.54527926445007, "stdev": 0.2608329923460797}, "time_initial_setup": {"all_values": [5.590058088302612, 5.605542421340942, 5.591130971908569], "mean": 5.595577160517375, "stdev": 0.008646825271120196}, "time_projection": {"all_values": [241.5804135799408, 242.1159484386444, 241.90000081062317], "mean": 241.8654542764028, "stdev": 0.26943365322775575}, "time_enumeration": {"all_values": [0.9333450794219971, 0.8995797634124756, 0.9172673225402832], "mean": 0.9167307217915853, "stdev": 0.01688905256603636}, "time_postprocessing": {"all_values": [5.1643359661102295, 5.165565252304077, 5.168862819671631], "mean": 5.1662546793619795, "stdev": 0.002340850922788257}, "ECM_count": {"all_values": [4132, 4132, 4132], "mean": 4132, "stdev": 0.0}, "max_rss": {"all_values": [196984, 202472, 189892], "mean": 196449.33333333334, "stdev": 6307.020004196383}, "swap": {"all_values": [0, 0, 0], "mean": 0, "stdev": 0.0}}, "30": {"time_total": {"all_values": [261.67553639411926, 262.6152284145355, 262.19736433029175], "mean": 262.1627097129822, "stdev": 0.47080354733599095}, "time_initial_setup": {"all_values": [5.701145887374878, 5.701286315917969, 5.67655611038208], "mean": 5.692996104558309, "stdev": 0.014237625730077235}, "time_projection": {"all_values": [249.87649512290955, 250.88537621498108, 250.47240328788757], "mean": 250.4114248752594, "stdev": 0.5071972393357945}, "time_enumeration": {"all_values": [0.911449670791626, 0.8419618606567383, 0.8671281337738037], "mean": 0.8735132217407227, "stdev": 0.03518118745287771}, "time_postprocessing": {"all_values": [5.185189962387085, 5.185340881347656, 5.180044174194336], "mean": 5.183525005976359, "stdev": 0.0030154330624674167}, "ECM_count": {"all_values": [4132, 4132, 4132], "mean": 4132, "stdev": 0.0}, "max_rss": {"all_values": [198740, 265836, 307712], "mean": 257429.33333333334, "stdev": 54970.2485835141}, "swap": {"all_values": [0, 0, 0], "mean": 0, "stdev": 0.0}}, "40": {"time_total": {"all_values": [269.4312746524811, 269.0371012687683, 268.21338844299316], "mean": 268.8939214547475, "stdev": 0.621439497596091}, "time_initial_setup": {"all_values": [5.761454105377197, 5.711946725845337, 5.725306034088135], "mean": 5.73290228843689, "stdev": 0.025612935542927318}, "time_projection": {"all_values": [257.56476736068726, 257.2067265510559, 256.42290449142456], "mean": 257.0647994677226, "stdev": 0.5840121366785446}, "time_enumeration": {"all_values": [0.9077990055084229, 0.8823914527893066, 0.8605055809020996], "mean": 0.883565346399943, "stdev": 0.023668555562292238}, "time_postprocessing": {"all_values": [5.196069240570068, 5.234788417816162, 5.202392101287842], "mean": 5.2110832532246905, "stdev": 0.020771272545168026}, "ECM_count": {"all_values": [4132, 4132, 4132], "mean": 4132, "stdev": 0.0}, "max_rss": {"all_values": [295640, 197820, 236068], "mean": 243176, "stdev": 49295.850210742894}, "swap": {"all_values": [0, 0, 0], "mean": 0, "stdev": 0.0}}, "50": {"time_total": {"all_values": [275.474728345871, 305.91662192344666, 276.0588207244873], "mean": 285.8167236646016, "stdev": 17.409472234637956}, "time_initial_setup": {"all_values": [4.635011434555054, 4.669408798217773, 4.589333772659302], "mean": 4.631251335144043, "stdev": 0.04016971732826839}, "time_projection": {"all_values": [264.7178132534027, 295.15171551704407, 265.3430709838867], "mean": 275.07086658477783, "stdev": 17.39333513699302}, "time_enumeration": {"all_values": [0.9001710414886475, 0.8807575702667236, 0.9011690616607666], "mean": 0.8940325578053793, "stdev": 0.011507301233546693}, "time_postprocessing": {"all_values": [5.220483303070068, 5.212469577789307, 5.224040508270264], "mean": 5.218997796376546, "stdev": 0.00592677447277686}, "ECM_count": {"all_values": [4132, 4132, 4132], "mean": 4132, "stdev": 0.0}, "max_rss": {"all_values": [308232, 190084, 304816], "mean": 267710.6666666667, "stdev": 67248.35906796041}, "swap": {"all_values": [0, 0, 0], "mean": 0, "stdev": 0.0}}, "60": {"time_total": {"all_values": [283.46092987060547, 285.24734354019165, 284.21134972572327], "mean": 284.3065410455068, "stdev": 0.8970030603307267}, "time_initial_setup": {"all_values": [4.720094442367554, 4.7485435009002686, 4.739484071731567], "mean": 4.736040671666463, "stdev": 0.01453375332994641}, "time_projection": {"all_values": [272.5571961402893, 274.3488516807556, 273.3149344921112], "mean": 273.4069941043854, "stdev": 0.8993684579080801}, "time_enumeration": {"all_values": [0.931748628616333, 0.9134268760681152, 0.9311585426330566], "mean": 0.9254446824391683, "stdev": 0.01041190678242979}, "time_postprocessing": {"all_values": [5.250659704208374, 5.235302925109863, 5.224562406539917], "mean": 5.236841678619385, "stdev": 0.013116518523271017}, "ECM_count": {"all_values": [4132, 4132, 4132], "mean": 4132, "stdev": 0.0},