{"60": {"time_total": {"all_values": [11075.481986999512, 10724.940770864487, 10695.926621198654], "mean": 10832.116459687551, "stdev": 211.2594143063911}, "time_initial_setup": {"all_values": [8.633659601211548, 8.698004722595215, 8.797271490097046], "mean": 8.70964527130127, "stdev": 0.08242474947977496}, "time_projection": {"all_values": [411.99285531044006, 412.7004792690277, 412.47503995895386], "mean": 412.3894581794739, "stdev": 0.3614914901156496}, "time_enumeration": {"all_values": [9393.28684425354, 9396.912843227386, 9388.234424352646], "mean": 9392.81137061119, "stdev": 4.358703354185751}, "time_postprocessing": {"all_values": [1261.5294330120087, 906.5877447128296, 886.3692371845245], "mean": 1018.162138303121, "stdev": 211.00456656695843}, "ECM_count": {"all_values": [514523146, 514523146, 514523146], "mean": 514523146, "stdev": 0.0}, "max_rss": {"all_values": [654460, 701632, 692680], "mean": 682924, "stdev": 25053.623450511106}, "swap": {"all_values": [0, 0, 0], "mean": 0, "stdev": 0.0}}}