{"20": {"time_total": {"all_values": [954.3961522579193, 954.9963254928589, 955.1020309925079], "mean": 954.8315029144287, "stdev": 0.3807112537821643}, "time_initial_setup": {"all_values": [7.786378383636475, 7.791311502456665, 7.809095144271851], "mean": 7.795595010121663, "stdev": 0.011948812990348319}, "time_projection": {"all_values": [324.79538321495056, 324.91034054756165, 324.77833676338196], "mean": 324.82802017529804, "stdev": 0.07179922106111093}, "time_enumeration": {"all_values": [590.4121232032776, 589.5522887706757, 589.2637865543365], "mean": 589.7427328427633, "stdev": 0.5973867869900257}, "time_postprocessing": {"all_values": [31.401123762130737, 32.741132497787476, 33.24957251548767], "mean": 32.46394292513529, "stdev": 0.9548906968009608}, "ECM_count": {"all_values": [9924618, 9924618, 9924618], "mean": 9924618, "stdev": 0.0}, "max_rss": {"all_values": [640620, 651272, 643416], "mean": 645102.6666666666, "stdev": 5522.672300013222}, "swap": {"all_values": [0, 0, 0], "mean": 0, "stdev": 0.0}}}