{"20": {"time_total": {"all_values": [9476.61271071434, 9494.137110710144, 9507.661593437195], "mean": 9492.803804953894, "stdev": 15.567323397557269}, "time_initial_setup": {"all_values": [8.614651441574097, 8.602776765823364, 8.58318042755127], "mean": 8.600202878316244, "stdev": 0.015892603738240314}, "time_projection": {"all_values": [359.7015383243561, 358.0774083137512, 358.28556632995605], "mean": 358.68817098935443, "stdev": 0.8837519203169002}, "time_enumeration": {"all_values": [8681.087497234344, 8677.640927553177, 8696.283624887466], "mean": 8685.004016558329, "stdev": 9.91926830395475}, "time_postprocessing": {"all_values": [427.20793318748474, 449.8146860599518, 444.50795316696167], "mean": 440.5101908047994, "stdev": 11.821712937956164}, "ECM_count": {"all_values": [142049290, 142049290, 142049290], "mean": 142049290, "stdev": 0.0}, "max_rss": {"all_values": [690144, 650484, 673140], "mean": 671256, "stdev": 19897.00962456419}, "swap": {"all_values": [0, 0, 0], "mean": 0, "stdev": 0.0}}}