{"20": {"time_total": {"all_values": [631.5930054187775, 630.0709910392761, 630.7423255443573], "mean": 630.802107334137, "stdev": 0.7627662418094807}, "time_initial_setup": {"all_values": [7.545052766799927, 7.549429416656494, 7.539154529571533], "mean": 7.544545571009318, "stdev": 0.005156186752793451}, "time_projection": {"all_values": [316.6107213497162, 317.165340423584, 317.1679518222809], "mean": 316.98133786519367, "stdev": 0.32096597328891524}, "time_enumeration": {"all_values": [289.1835334300995, 286.92013692855835, 287.57577562332153], "mean": 287.8931486606598, "stdev": 1.1645965672365466}, "time_postprocessing": {"all_values": [18.252561330795288, 18.434831857681274, 18.4582257270813], "mean": 18.38187297185262, "stdev": 0.11259637501305991}, "ECM_count": {"all_values": [4962314, 4962314, 4962314], "mean": 4962314, "stdev": 0.0}, "max_rss": {"all_values": [632416, 667188, 669168], "mean": 656257.3333333334, "stdev": 20670.921153478703}, "swap": {"all_values": [0, 0, 0], "mean": 0, "stdev": 0.0}}}