{"20": {"time_total": {"all_values": [1381.2473073005676, 1381.943378686905, 1383.1437225341797], "mean": 1382.1114695072174, "stdev": 0.9593167242751314}, "time_initial_setup": {"all_values": [7.943192005157471, 7.941960096359253, 8.004843950271606], "mean": 7.963332017262776, "stdev": 0.03595566487243642}, "time_projection": {"all_values": [332.20977997779846, 331.8372781276703, 332.5751721858978], "mean": 332.2074100971222, "stdev": 0.3689527375460054}, "time_enumeration": {"all_values": [985.889105796814, 985.379870891571, 985.9364719390869], "mean": 985.7351495424906, "stdev": 0.3085904692434483}, "time_postprocessing": {"all_values": [55.20413780212402, 56.78301429748535, 56.62597155570984], "mean": 56.20437455177307, "stdev": 0.8697820256808378}, "ECM_count": {"all_values": [17756170, 17756170, 17756170], "mean": 17756170, "stdev": 0.0}, "max_rss": {"all_values": [643208, 684048, 672224], "mean": 666493.3333333334, "stdev": 21014.442779510795}, "swap": {"all_values": [0, 0, 0], "mean": 0, "stdev": 0.0}}}