{"20": {"time_total": {"all_values": [344.20758748054504, 345.2189631462097, 344.79104018211365], "mean": 344.7391969362895, "stdev": 0.5076770389508025}, "time_initial_setup": {"all_values": [6.990016460418701, 6.9475929737091064, 6.9347875118255615], "mean": 6.957465648651123, "stdev": 0.0289078099059572}, "time_projection": {"all_values": [294.9856171607971, 295.4215772151947, 295.5588095188141], "mean": 295.3220012982686, "stdev": 0.29928897782246017}, "time_enumeration": {"all_values": [36.31608557701111, 36.49369549751282, 35.97997760772705], "mean": 36.26325289408366, "stdev": 0.2609022553763566}, "time_postprocessing": {"all_values": [5.914734840393066, 6.354871988296509, 6.316204071044922], "mean": 6.195270299911499, "stdev": 0.24371891594941394}, "ECM_count": {"all_values": [620298, 620298, 620298], "mean": 620298, "stdev": 0.0}, "max_rss": {"all_values": [647684, 648208, 618484], "mean": 638125.3333333334, "stdev": 17011.911278081992}, "swap": {"all_values": [0, 0, 0], "mean": 0, "stdev": 0.0}}}