{"20": {"time_total": {"all_values": [387.43819785118103, 414.3901629447937, 388.46333408355713], "mean": 396.7638982931773, "stdev": 15.273396159674158}, "time_initial_setup": {"all_values": [7.147203207015991, 7.130596160888672, 7.085540056228638], "mean": 7.121113141377767, "stdev": 0.03190661037370042}, "time_projection": {"all_values": [300.8556098937988, 330.20245718955994, 300.51183557510376], "mean": 310.5233008861542, "stdev": 17.04351606347571}, "time_enumeration": {"all_values": [72.14637804031372, 69.60777115821838, 73.40414071083069], "mean": 71.7194299697876, "stdev": 1.9338611470824172}, "time_postprocessing": {"all_values": [7.287903785705566, 7.448113918304443, 7.460554599761963], "mean": 7.398857434590657, "stdev": 0.09628980625937998}, "ECM_count": {"all_values": [1240586, 1240586, 1240586], "mean": 1240586, "stdev": 0.0}, "max_rss": {"all_values": [631516, 638560, 626320], "mean": 632132, "stdev": 6143.206980071565}, "swap": {"all_values": [0, 0, 0], "mean": 0, "stdev": 0.0}}}