{"20": {"time_total": {"all_values": [280.2219650745392, 279.80963587760925, 280.285799741745], "mean": 280.1058002312978, "stdev": 0.2584641357734958}, "time_initial_setup": {"all_values": [6.223639965057373, 6.229713678359985, 6.234029293060303], "mean": 6.229127645492554, "stdev": 0.005219397472831261}, "time_projection": {"all_values": [265.0132842063904, 264.8930113315582, 264.89583015441895], "mean": 264.93404189745587, "stdev": 0.06864032404160547}, "time_enumeration": {"all_values": [3.7893788814544678, 3.4626574516296387, 3.9336345195770264], "mean": 3.7285569508870444, "stdev": 0.2413075424878819}, "time_postprocessing": {"all_values": [5.193597078323364, 5.223008155822754, 5.221062660217285], "mean": 5.212555964787801, "stdev": 0.016447667623899737}, "ECM_count": {"all_values": [38778, 38778, 38778], "mean": 38778, "stdev": 0.0}, "max_rss": {"all_values": [328644, 355292, 372288], "mean": 352074.6666666667, "stdev": 21999.16155978071}, "swap": {"all_values": [0, 0, 0], "mean": 0, "stdev": 0.0}}}