{"20": {"time_total": {"all_values": [2442.302330493927, 2445.6123979091644, 2475.1875779628754], "mean": 2454.3674354553223, "stdev": 18.10657027433602}, "time_initial_setup": {"all_values": [8.321346998214722, 8.35043716430664, 8.321657419204712], "mean": 8.331147193908691, "stdev": 0.016706325411743734}, "time_projection": {"all_values": [338.7991478443146, 339.31322145462036, 367.52671122550964], "mean": 348.5463601748149, "stdev": 16.439475734490777}, "time_enumeration": {"all_values": [1989.0572135448456, 1987.4341170787811, 1987.9409711360931], "mean": 1988.1441005865734, "stdev": 0.8303955170742451}, "time_postprocessing": {"all_values": [106.12355875968933, 110.51337885856628, 111.39699745178223], "mean": 109.34464502334595, "stdev": 2.8243128355419898}, "ECM_count": {"all_values": [35512330, 35512330, 35512330], "mean": 35512330, "stdev": 0.0}, "max_rss": {"all_values": [689924, 693016, 685532], "mean": 689490.6666666666, "stdev": 3760.7708429700065}, "swap": {"all_values": [0, 0, 0], "mean": 0, "stdev": 0.0}}}