{"60": {"time_total": {"all_values": [281329.7375626564], "mean": 281329.7375626564}, "time_initial_setup": {"all_values": [9.76720380783081], "mean": 9.76720380783081}, "time_projection": {"all_values": [452.0806517601013], "mean": 452.0806517601013}, "time_enumeration": {"all_values": [265919.286008358], "mean": 265919.286008358}, "time_postprocessing": {"all_values": [14948.603698730469], "mean": 14948.603698730469}, "ECM_count": {"all_values": [4212839045], "mean": 4212839045}, "max_rss": {"all_values": [702464], "mean": 702464}, "swap": {"all_values": [0], "mean": 0}}}