{"10": {"time_total": {"all_values": [9844.38252234459, 9821.119874477386, 9783.301074504852], "mean": 9816.26782377561, "stdev": 30.82843840610627}, "time_initial_setup": {"all_values": [8.794024467468262, 8.797901630401611, 8.810307502746582], "mean": 8.800744533538818, "stdev": 0.008505638315518252}, "time_projection": {"all_values": [401.30442786216736, 403.5573832988739, 344.382506608963], "mean": 383.0814392566681, "stdev": 33.53318495317224}, "time_enumeration": {"all_values": [9074.574405431747, 9068.089329957962, 9073.165377616882], "mean": 9071.943037668863, "stdev": 3.4109583970732387}, "time_postprocessing": {"all_values": [359.7085509300232, 340.6739342212677, 356.9415936470032], "mean": 352.44135959943134, "stdev": 10.2843686327602}, "ECM_count": {"all_values": [71024650, 71024650, 71024650], "mean": 71024650, "stdev": 0.0}, "max_rss": {"all_values": [639648, 664180, 678452], "mean": 660760, "stdev": 19626.76499069574}, "swap": {"all_values": [0, 0, 0], "mean": 0, "stdev": 0.0}}, "20": {"time_total": {"all_values": [4824.900686264038, 4907.17782497406, 4819.076777935028], "mean": 4850.385096391042, "stdev": 49.27007197056281}, "time_initial_setup": {"all_values": [8.362398624420166, 8.39995551109314, 8.368337631225586], "mean": 8.37689725557963, "stdev": 0.02018861835176967}, "time_projection": {"all_values": [349.00059700012207, 434.6213698387146, 350.87973165512085], "mean": 378.16723283131915, "stdev": 48.89974412714482}, "time_enumeration": {"all_values": [4244.264014005661, 4246.614468336105, 4244.164716005325], "mean": 4245.014399449031, "stdev": 1.3865894690773584}, "time_postprocessing": {"all_values": [223.27236700057983, 217.54075121879578, 215.66274237632751], "mean": 218.82528686523438, "stdev": 3.9641040098281204}, "ECM_count": {"all_values": [71024650, 71024650, 71024650], "mean": 71024650, "stdev": 0.0}, "max_rss": {"all_values": [675116, 643696, 695040], "mean": 671284, "stdev": 25885.608974872506}, "swap": {"all_values": [0, 0, 0], "mean": 0, "stdev": 0.0}}, "30": {"time_total": {"all_values": [3153.8031511306763, 3161.8370237350464, 3149.9126403331757], "mean": 3155.184271732966, "stdev": 6.080982689274375}, "time_initial_setup": {"all_values": [8.504712581634521, 8.490819215774536, 8.496958494186401], "mean": 8.497496763865152, "stdev": 0.006962305969658987}, "time_projection": {"all_values": [355.070609331131, 357.4574177265167, 354.4222912788391], "mean": 355.6501061121623, "stdev": 1.598393108020443}, "time_enumeration": {"all_values": [2616.3425552845, 2621.9902369976044, 2612.117968082428], "mean": 2616.816920121511, "stdev": 4.953199963895426}, "time_postprocessing": {"all_values": [173.88402462005615, 173.89731526374817, 174.8741843700409], "mean": 174.21850808461508, "stdev": 0.5678712034914167}, "ECM_count": {"all_values": [71024650, 71024650, 71024650], "mean": 71024650, "stdev": 0.0}, "max_rss": {"all_values": [657616, 685488, 667360], "mean": 670154.6666666666, "stdev": 14144.600288920621}, "swap": {"all_values": [0, 0, 0], "mean": 0, "stdev": 0.0}}, "40": {"time_total": {"all_values": [2473.4398770332336, 2483.073089122772, 2484.6242978572845], "mean": 2480.3790880044303, "stdev": 6.059376932621634}, "time_initial_setup": {"all_values": [8.48337459564209, 8.503155946731567, 8.471278667449951], "mean": 8.485936403274536, "stdev": 0.016092308018391413}, "time_projection": {"all_values": [364.1070637702942, 363.97080183029175, 365.07654547691345], "mean": 364.3848036924998, "stdev": 0.6029277330668648}, "time_enumeration": {"all_values": [1944.3619456291199, 1953.7032766342163, 1953.7205464839935], "mean": 1950.59525624911, "stdev": 5.398212252763706}, "time_postprocessing": {"all_values": [156.48624682426453, 156.8946316242218, 157.35467910766602], "mean": 156.91185251871744, "stdev": 0.4344721822152757}, "ECM_count": {"all_values": [71024650, 71024650, 71024650], "mean": 71024650, "stdev": 0.0}, "max_rss": {"all_values": [672296, 679976, 643560], "mean": 665277.3333333334, "stdev": 19195.76842258036}, "swap": {"all_values": [0, 0, 0], "mean": 0, "stdev": 0.0}}, "50": {"time_total": {"all_values": [2091.8702993392944, 2092.146950006485, 2103.751604795456], "mean": 2095.9229513804116, "stdev": 6.78122368142919}, "time_initial_setup": {"all_values": [8.588741540908813, 8.56126856803894, 8.602895975112915], "mean": 8.584302028020224, "stdev": 0.021165826488506626}, "time_projection": {"all_values": [374.66777539253235, 370.92612767219543, 372.57691049575806], "mean": 372.7236045201619, "stdev": 1.8751323335627443}, "time_enumeration": {"all_values": [1550.3300352096558, 1555.5176751613617, 1562.854303598404], "mean": 1556.2340046564739, "stdev": 6.2927871907069}, "time_postprocessing": {"all_values": [158.28249335289001, 157.14060950279236, 159.7162148952484], "mean": 158.3797725836436, "stdev": 1.290555392443185}, "ECM_count": {"all_values": [71024650, 71024650, 71024650], "mean": 71024650, "stdev": 0.0}, "max_rss": {"all_values": [642072, 672032, 637824], "mean": 650642.6666666666, "stdev": 18645.081424690354}, "swap": {"all_values": [0, 0, 0], "mean": 0, "stdev": 0.0}}, "60": {"time_total": {"all_values": [1849.544133901596, 1844.7776799201965, 1855.032553434372], "mean": 1849.7847890853882, "stdev": 5.131670672017897}, "time_initial_setup": {"all_values": [7.173954010009766, 7.179991722106934, 7.060923337936401], "mean": 7.1382896900177, "stdev": 0.06706920170702564}, "time_projection": {"all_values": [382.9354820251465, 382.65400075912476, 383.50682759284973], "mean": 383.03210345904034, "stdev": 0.43454594486212617}, "time_enumeration": {"all_values": [1299.1940941810608, 1298.486587524414, 1301.8565163612366], "mean": 1299.8457326889038, "stdev": 1.77695797642766}, "time_postprocessing": {"all_values": [160.23936796188354, 156.45583176612854, 162.60703492164612], "mean": 159.76741154988608, "stdev": 3.1026411662052547}, "ECM_count": {"all_values": [71024650, 71024650, 71024650], "mean": 71024650, "stdev": 0.0}, "max_rss": {"all_values": [637168, 645608, 674212], "mean": 652329.3333333334, "stdev": 19415.115898014446}, "swap": {"all_values": [0, 0, 0], "mean": 0, "stdev": 0.0}}}