{"60": {"time_total": {"all_values": [82756.924659729, 82837.61641216278, 82638.15043067932], "mean": 82744.23050085704, "stdev": 100.33706042330537}, "time_initial_setup": {"all_values": [8.69127893447876, 8.717656135559082, 8.768547058105469], "mean": 8.72582737604777, "stdev": 0.03927680754008755}, "time_projection": {"all_values": [523.7567956447601, 436.31787300109863, 436.9141788482666], "mean": 465.66294916470844, "stdev": 50.311630308525096}, "time_enumeration": {"all_values": [79882.49823856354, 79936.01317858696, 79955.29911780357], "mean": 79924.60351165135, "stdev": 37.717732954362695}, "time_postprocessing": {"all_values": [2341.977271795273, 2456.566412448883, 2237.1666288375854], "mean": 2345.236771027247, "stdev": 109.73620420628501}, "ECM_count": {"all_values": [1403221121, 1403221121, 1403221121], "mean": 1403221121, "stdev": 0.0}, "max_rss": {"all_values": [711764, 673620, 695596], "mean": 693660, "stdev": 19145.554470947034}, "swap": {"all_values": [0, 0, 0], "mean": 0, "stdev": 0.0}}}