{"20": {"time_total": {"all_values": [300.5988702774048, 301.02070236206055, 303.4896240234375], "mean": 301.70306555430096, "stdev": 1.5615149533846682}, "time_initial_setup": {"all_values": [6.699310302734375, 6.717117071151733, 6.6726884841918945], "mean": 6.696371952692668, "stdev": 0.02235956753914736}, "time_projection": {"all_values": [278.56678009033203, 279.26567029953003, 279.989990234375], "mean": 279.27414687474567, "stdev": 0.7116429355879548}, "time_enumeration": {"all_values": [9.993977069854736, 9.59297227859497, 11.351587533950806], "mean": 10.312845627466837, "stdev": 0.9216505692873973}, "time_postprocessing": {"all_values": [5.337702751159668, 5.443594217300415, 5.474100589752197], "mean": 5.418465852737427, "stdev": 0.07158679083732035}, "ECM_count": {"all_values": [155082, 155082, 155082], "mean": 155082, "stdev": 0.0}, "max_rss": {"all_values": [624560, 615100, 614904], "mean": 618188, "stdev": 5519.183997657625}, "swap": {"all_values": [0, 0, 0], "mean": 0, "stdev": 0.0}}}