{"60": {"time_total": {"all_values": [49677.93275499344, 49798.55165696144, 49730.98048996925], "mean": 49735.82163397471, "stdev": 60.45500297289565}, "time_initial_setup": {"all_values": [9.438462257385254, 9.479680061340332, 9.498925685882568], "mean": 9.47235600153605, "stdev": 0.030889932590165578}, "time_projection": {"all_values": [429.22110319137573, 428.23024582862854, 429.6951711177826], "mean": 429.04884004592896, "stdev": 0.7475008154913173}, "time_enumeration": {"all_values": [47772.99968481064, 47777.51335334778, 47735.808069229126], "mean": 47762.107035795845, "stdev": 22.887114994554185}, "time_postprocessing": {"all_values": [1466.2341797351837, 1583.2884566783905, 1555.929468870163], "mean": 1535.1507017612457, "stdev": 61.23106898951874}, "ECM_count": {"all_values": [869854722, 869854722, 869854722], "mean": 869854722, "stdev": 0.0}, "max_rss": {"all_values": [677724, 663568, 703468], "mean": 681586.6666666666, "stdev": 20228.510704778375}, "swap": {"all_values": [0, 0, 0], "mean": 0, "stdev": 0.0}}}