{"60": {"time_total": {"all_values": [192267.96903393473], "mean": 192267.96903393473}, "time_initial_setup": {"all_values": [9.02206], "mean": 9.02206}, "time_projection": {"all_values": [447.42343], "mean": 447.42343}, "time_enumeration": {"all_values": [181994.60263], "mean": 181994.60263}, "time_postprocessing": {"all_values": [9816.920913934708], "mean": 9816.920913934708}, "ECM_count": {"all_values": [2821027740], "mean": 2821027740}, "max_rss": {"all_values": [687232], "mean": 687232}, "swap": {"all_values": [0], "mean": 0}}}