{"20": {"time_total": {"all_values": [269.637855052948, 269.5635139942169, 268.8996880054474], "mean": 269.3670190175374, "stdev": 0.4064238605189726}, "time_initial_setup": {"all_values": [5.994184494018555, 6.0195207595825195, 6.0402209758758545], "mean": 6.017975409825643, "stdev": 0.023057113758072203}, "time_projection": {"all_values": [256.2645032405853, 256.359703540802, 255.4030909538269], "mean": 256.0090992450714, "stdev": 0.5269727802108488}, "time_enumeration": {"all_values": [2.1915249824523926, 1.9865386486053467, 2.265619993209839], "mean": 2.147894541422526, "stdev": 0.14456593915894686}, "time_postprocessing": {"all_values": [5.186544895172119, 5.19651198387146, 5.18950629234314], "mean": 5.190854390462239, "stdev": 0.005118470541985414}, "ECM_count": {"all_values": [19394, 19394, 19394], "mean": 19394, "stdev": 0.0}, "max_rss": {"all_values": [319356, 233228, 332216], "mean": 294933.3333333333, "stdev": 53823.84249877867}, "swap": {"all_values": [0, 0, 0], "mean": 0, "stdev": 0.0}}}