{"3": {"time_total": {"all_values": [3108.1531398296356, 3115.8511140346527, 3116.229984521866], "mean": 3113.411412795385, "stdev": 4.557736461037013}, "time_initial_setup": {"all_values": [30.41079807281494, 30.218334674835205, 30.35087823867798], "mean": 30.326670328776043, "stdev": 0.0984888677305299}, "time_projection": {"all_values": [561.2831513881683, 561.5032820701599, 561.4960255622864], "mean": 561.4274863402048, "stdev": 0.12505038189134943}, "time_enumeration": {"all_values": [2483.3652572631836, 2488.7427067756653, 2489.8441894054413], "mean": 2487.31738448143, "stdev": 3.4666696060957323}, "time_postprocessing": {"all_values": [33.092833280563354, 35.3855676651001, 34.53761291503906], "mean": 34.33867128690084, "stdev": 1.1592415917590195}, "ECM_count": {"all_values": [2481162, 2481162, 2481162], "mean": 2481162, "stdev": 0.0}, "max_rss": {"all_values": [631724, 634340, 631600], "mean": 632554.6666666666, "stdev": 1547.3866140474827}, "swap": {"all_values": [0, 0, 0], "mean": 0, "stdev": 0.0}}, "5": {"time_total": {"all_values": [1237.9818007946014, 1238.5950026512146, 1267.7559895515442], "mean": 1248.11093099912, "stdev": 17.015882236174747}, "time_initial_setup": {"all_values": [13.097740411758423, 13.107575178146362, 13.114120960235596], "mean": 13.106478850046793, "stdev": 0.008245122411443045}, "time_projection": {"all_values": [373.69312047958374, 373.59678530693054, 402.6412031650543], "mean": 383.3103696505229, "stdev": 16.74106219423582}, "time_enumeration": {"all_values": [829.4515280723572, 829.9350471496582, 830.713312625885], "mean": 830.0332959493002, "stdev": 0.6366040251629479}, "time_postprocessing": {"all_values": [21.738138914108276, 21.954330444335938, 21.286093711853027], "mean": 21.659521023432415, "stdev": 0.34098484161411124}, "ECM_count": {"all_values": [2481162, 2481162, 2481162], "mean": 2481162, "stdev": 0.0}, "max_rss": {"all_values": [641172, 662188, 652012], "mean": 651790.6666666666, "stdev": 10509.748109889853}, "swap": {"all_values": [0, 0, 0], "mean": 0, "stdev": 0.0}}, "10": {"time_total": {"all_values": [672.0952033996582, 640.5767920017242, 638.5658099651337], "mean": 650.4126017888387, "stdev": 18.804585122996112}, "time_initial_setup": {"all_values": [7.577609300613403, 7.616183519363403, 7.590781211853027], "mean": 7.594858010609944, "stdev": 0.01960759557216322}, "time_projection": {"all_values": [335.0704507827759, 303.23416924476624, 303.7292060852051], "mean": 314.0112753709157, "stdev": 18.239460439908008}, "time_enumeration": {"all_values": [314.43332171440125, 313.91051602363586, 312.03981709480286], "mean": 313.46121827761334, "stdev": 1.2584186264695105}, "time_postprocessing": {"all_values": [15.012597560882568, 15.81467080116272, 15.204762697219849], "mean": 15.344010353088379, "stdev": 0.41877536095386014}, "ECM_count": {"all_values": [2481162, 2481162, 2481162], "mean": 2481162, "stdev": 0.0}, "max_rss": {"all_values": [628080, 636888, 654156], "mean": 639708, "stdev": 13264.755708266926}, "swap": {"all_values": [0, 0, 0], "mean": 0, "stdev": 0.0}}, "20": {"time_total": {"all_values": [470.42443203926086, 468.36524987220764, 472.5052137374878], "mean": 470.4316318829854, "stdev": 2.069991323597417}, "time_initial_setup": {"all_values": [7.376258850097656, 7.408129453659058, 7.382517337799072], "mean": 7.388968547185262, "stdev": 0.01688630864784692}, "time_projection": {"all_values": [309.4796214103699, 309.0498731136322, 309.4455814361572], "mean": 309.3250253200531, "stdev": 0.2388958611713814}, "time_enumeration": {"all_values": [141.86254119873047, 140.28470396995544, 144.17880773544312], "mean": 142.10868430137634, "stdev": 1.9586860019746446}, "time_postprocessing": {"all_values": [11.704780340194702, 11.621293544769287, 11.497064590454102], "mean": 11.607712825139364, "stdev": 0.104521696942907}, "ECM_count": {"all_values": [2481162, 2481162, 2481162], "mean": 2481162, "stdev": 0.0}, "max_rss": {"all_values": [625092, 667556, 624292], "mean": 638980, "stdev": 24750.774371724212}, "swap": {"all_values": [0, 0, 0], "mean": 0, "stdev": 0.0}}, "30": {"time_total": {"all_values": [422.5305030345917, 423.1788067817688, 422.6693091392517], "mean": 422.79287298520404, "stdev": 0.3413582504801627}, "time_initial_setup": {"all_values": [7.297009468078613, 7.374906778335571, 7.396010637283325], "mean": 7.35597562789917, "stdev": 0.05214498267915375}, "time_projection": {"all_values": [316.7941048145294, 316.57781624794006, 317.043062210083], "mean": 316.80499442418414, "stdev": 0.23281406534271726}, "time_enumeration": {"all_values": [88.46971535682678, 89.28572654724121, 88.52913880348206], "mean": 88.76152690251668, "stdev": 0.45494146563056775}, "time_postprocessing": {"all_values": [9.968429803848267, 9.939113855361938, 9.699828863143921], "mean": 9.869124174118042, "stdev": 0.14734494544191712}, "ECM_count": {"all_values": [2481162, 2481162, 2481162], "mean": 2481162, "stdev": 0.0}, "max_rss": {"all_values": [628020, 631632, 623616], "mean": 627756, "stdev": 4014.515661944788}, "swap": {"all_values": [0, 0, 0], "mean": 0, "stdev": 0.0}}, "40": {"time_total": {"all_values": [414.36256432533264, 413.0765948295593, 414.5026252269745], "mean": 413.9805947939555, "stdev": 0.7860128597951652}, "time_initial_setup": {"all_values": [7.440739154815674, 7.473746061325073, 7.403990030288696], "mean": 7.4394917488098145, "stdev": 0.034894741477686675}, "time_projection": {"all_values": [325.6880769729614, 324.52067708969116, 323.4186975955963], "mean": 324.54248388608295, "stdev": 1.1348468363083943}, "time_enumeration": {"all_values": [71.37050890922546, 71.0689468383789, 73.63843584060669], "mean": 72.02596386273702, "stdev": 1.4045584111045397}, "time_postprocessing": {"all_values": [9.862003803253174, 10.011993169784546, 10.040284156799316], "mean": 9.971427043279013, "stdev": 0.0958132510662363}, "ECM_count": {"all_values": [2481162, 2481162, 2481162], "mean": 2481162, "stdev": 0.0}, "max_rss": {"all_values": [631160, 662276, 623636], "mean": 639024, "stdev": 20485.220818922113}, "swap": {"all_values": [0, 0, 0], "mean": 0, "stdev": 0.0}}, "50": {"time_total": {"all_values": [402.51817560195923, 412.82792019844055, 409.96484541893005], "mean": 408.4369804064433, "stdev": 5.321981495031232}, "time_initial_setup": {"all_values": [7.56892466545105, 7.58189582824707, 7.571107864379883], "mean": 7.573976119359334, "stdev": 0.006944993235459476}, "time_projection": {"all_values": [331.73404932022095, 334.5354120731354, 332.9812157154083], "mean": 333.0835590362549, "stdev": 1.4034827875130862}, "time_enumeration": {"all_values": [53.199320554733276, 60.9871551990509, 59.31641149520874], "mean": 57.83429574966431, "stdev": 4.1000112712285945}, "time_postprocessing": {"all_values": [10.014543056488037, 9.722197532653809, 10.094821691513062], "mean": 9.943854093551636, "stdev": 0.19611192735822924}, "ECM_count": {"all_values": [2481162, 2481162, 2481162], "mean": 2481162, "stdev": 0.0}, "max_rss": {"all_values": [634052, 626528, 624268], "mean": 628282.6666666666, "stdev": 5122.577996803302}, "swap": {"all_values": [0, 0, 0], "mean": 0, "stdev": 0.0}}, "60": {"time_total": {"all_values": [490.4911229610443, 404.3551483154297, 403.20213627815247], "mean": 432.6828025182088, "stdev": 50.06679332157883}, "time_initial_setup": {"all_values": [6.275964021682739, 6.289516448974609, 6.261294841766357], "mean": 6.275591770807902, "stdev": 0.014114485693413609}, "time_projection": {"all_values": [428.47355008125305, 342.296555519104, 342.48463344573975], "mean": 371.0849130153656, "stdev": 49.7001065545813}, "time_enumeration": {"all_values": [44.433449506759644, 45.744574546813965, 44.36238765716553], "mean": 44.84680390357971, "stdev": 0.778303631307774}, "time_postprocessing": {"all_values": [11.306864738464355, 10.02327013015747, 10.092557430267334], "mean": 10.474230766296387, "stdev": 0.7219139015113131}, "ECM_count": {"all_values": [2481162, 2481162, 2481162], "mean": 2481162, "stdev": 0.0},