{"20": {"time_total": {"all_values": [321.3318634033203, 318.4803235530853, 320.5004231929779], "mean": 320.10420338312787, "stdev": 1.4664796223124794}, "time_initial_setup": {"all_values": [6.737472295761108, 6.728508949279785, 6.74762749671936], "mean": 6.737869580586751, "stdev": 0.009565463421828364}, "time_projection": {"all_values": [287.184335231781, 287.4405519962311, 287.849219083786], "mean": 287.49136877059937, "stdev": 0.33534220220865624}, "time_enumeration": {"all_values": [21.872892379760742, 18.595295667648315, 20.191755056381226], "mean": 20.21998103459676, "stdev": 1.6389806530881368}, "time_postprocessing": {"all_values": [5.536084175109863, 5.714768409729004, 5.710576295852661], "mean": 5.653809626897176, "stdev": 0.10197477606537435}, "ECM_count": {"all_values": [310154, 310154, 310154], "mean": 310154, "stdev": 0.0}, "max_rss": {"all_values": [647660, 650156, 650656], "mean": 649490.6666666666, "stdev": 1604.9938733008712}, "swap": {"all_values": [0, 0, 0], "mean": 0, "stdev": 0.0}}}