{"3": {"time_total": {"all_values": [507.284627199173, 535.234813451767, 533.4945404529572], "mean": 525.3379937012991, "stdev": 15.658868703474784}, "time_initial_setup": {"all_values": [23.38576626777649, 23.340988397598267, 23.39299440383911], "mean": 23.373249689737957, "stdev": 0.02817187809903202}, "time_projection": {"all_values": [412.7126543521881, 440.63294649124146, 438.9369101524353], "mean": 430.76083699862164, "stdev": 15.653172440272469}, "time_enumeration": {"all_values": [65.97981572151184, 66.01598358154297, 65.94350051879883], "mean": 65.97976660728455, "stdev": 0.03624155633176159}, "time_postprocessing": {"all_values": [5.205265045166016, 5.243608474731445, 5.219887733459473], "mean": 5.2229204177856445, "stdev": 0.019350775911482807}, "ECM_count": {"all_values": [77546, 77546, 77546], "mean": 77546, "stdev": 0.0}, "max_rss": {"all_values": [510608, 508180, 543296], "mean": 520694.6666666667, "stdev": 19610.94075594879}, "swap": {"all_values": [0, 0, 0], "mean": 0, "stdev": 0.0}}, "5": {"time_total": {"all_values": [296.5149304866791, 296.7499406337738, 297.8082854747772], "mean": 297.02438553174335, "stdev": 0.6889715399243507}, "time_initial_setup": {"all_values": [10.136883020401001, 10.143238067626953, 10.123640298843384], "mean": 10.134587128957113, "stdev": 0.009998573571522638}, "time_projection": {"all_values": [257.9710605144501, 258.2178888320923, 260.47471809387207], "mean": 258.8878891468048, "stdev": 1.3797647027792328}, "time_enumeration": {"all_values": [23.134771823883057, 23.139673233032227, 21.962535619735718], "mean": 22.745660225550335, "stdev": 0.6782102307744517}, "time_postprocessing": {"all_values": [5.27089262008667, 5.247888088226318, 5.246131181716919], "mean": 5.254970630009969, "stdev": 0.013816801588016406}, "ECM_count": {"all_values": [77546, 77546, 77546], "mean": 77546, "stdev": 0.0}, "max_rss": {"all_values": [509160, 507092, 551024], "mean": 522425.3333333333, "stdev": 24788.746586572976}, "swap": {"all_values": [0, 0, 0], "mean": 0, "stdev": 0.0}}, "10": {"time_total": {"all_values": [288.76138401031494, 289.22499775886536, 288.92829751968384], "mean": 288.9715597629547, "stdev": 0.2348151256432666}, "time_initial_setup": {"all_values": [6.345968723297119, 6.303324222564697, 6.336012125015259], "mean": 6.328435023625691, "stdev": 0.022309139601970684}, "time_projection": {"all_values": [266.83758664131165, 267.3705565929413, 267.22502183914185], "mean": 267.1443883577983, "stdev": 0.2754824151742082}, "time_enumeration": {"all_values": [10.300932884216309, 10.27848768234253, 10.11405634880066], "mean": 10.231158971786499, "stdev": 0.1020329113786894}, "time_postprocessing": {"all_values": [5.275662422180176, 5.2713706493377686, 5.251959323883057], "mean": 5.266330798467, "stdev": 0.012629698722471987}, "ECM_count": {"all_values": [77546, 77546, 77546], "mean": 77546, "stdev": 0.0}, "max_rss": {"all_values": [547996, 523664, 507124], "mean": 526261.3333333334, "stdev": 20559.418798529627}, "swap": {"all_values": [0, 0, 0], "mean": 0, "stdev": 0.0}}, "20": {"time_total": {"all_values": [289.33745861053467, 291.6569652557373, 288.8275365829468], "mean": 289.94065348307294, "stdev": 1.5080781459508712}, "time_initial_setup": {"all_values": [6.493806838989258, 6.486916780471802, 6.498929023742676], "mean": 6.493217547734578, "stdev": 0.006027764530636192}, "time_projection": {"all_values": [270.8964812755585, 274.04138445854187, 271.2670979499817], "mean": 272.06832122802734, "stdev": 1.718741709375334}, "time_enumeration": {"all_values": [6.642378330230713, 5.836743116378784, 5.754878759384155], "mean": 6.078000068664551, "stdev": 0.49047686982452954}, "time_postprocessing": {"all_values": [5.303545951843262, 5.290664434432983, 5.305380582809448], "mean": 5.2998636563618975, "stdev": 0.008019397157429425}, "ECM_count": {"all_values": [77546, 77546, 77546], "mean": 77546, "stdev": 0.0}, "max_rss": {"all_values": [518872, 507268, 542084], "mean": 522741.3333333333, "stdev": 17727.58498310848}, "swap": {"all_values": [0, 0, 0], "mean": 0, "stdev": 0.0}}, "30": {"time_total": {"all_values": [298.01842284202576, 324.28518557548523, 295.50900530815125], "mean": 305.9375379085541, "stdev": 15.938990723135902}, "time_initial_setup": {"all_values": [6.577746152877808, 6.448375225067139, 6.464610576629639], "mean": 6.496910651524861, "stdev": 0.07047467892318551}, "time_projection": {"all_values": [280.5487713813782, 307.6487011909485, 279.2902355194092], "mean": 289.1625693639119, "stdev": 16.021822011678182}, "time_enumeration": {"all_values": [5.578118085861206, 4.867639541625977, 4.445974826812744], "mean": 4.963910818099976, "stdev": 0.5721784763145744}, "time_postprocessing": {"all_values": [5.312462091445923, 5.319252252578735, 5.305869817733765], "mean": 5.312528053919475, "stdev": 0.006691461266488007}, "ECM_count": {"all_values": [77546, 77546, 77546], "mean": 77546, "stdev": 0.0}, "max_rss": {"all_values": [507164, 509392, 508380], "mean": 508312, "stdev": 1115.555467020802}, "swap": {"all_values": [0, 0, 0], "mean": 0, "stdev": 0.0}}, "40": {"time_total": {"all_values": [303.57046008110046, 302.43861508369446, 302.71858739852905], "mean": 302.90922085444134, "stdev": 0.5895117559667852}, "time_initial_setup": {"all_values": [6.542474985122681, 6.584325790405273, 6.51913046836853], "mean": 6.548643747965495, "stdev": 0.033032525336807436}, "time_projection": {"all_values": [287.3583736419678, 286.6610994338989, 287.3293011188507], "mean": 287.1162580649058, "stdev": 0.3944468753015273}, "time_enumeration": {"all_values": [4.357527017593384, 3.879695177078247, 3.5733680725097656], "mean": 3.936863422393799, "stdev": 0.39519295159833956}, "time_postprocessing": {"all_values": [5.3108532428741455, 5.312271595001221, 5.295542478561401], "mean": 5.306222438812256, "stdev": 0.009276265084017847}, "ECM_count": {"all_values": [77546, 77546, 77546], "mean": 77546, "stdev": 0.0}, "max_rss": {"all_values": [507332, 509724, 550148], "mean": 522401.3333333333, "stdev": 24059.06376676643}, "swap": {"all_values": [0, 0, 0], "mean": 0, "stdev": 0.0}}, "50": {"time_total": {"all_values": [310.04778575897217, 308.06839632987976, 312.6534688472748], "mean": 310.25655031204224, "stdev": 2.2996542080075177}, "time_initial_setup": {"all_values": [5.285409450531006, 5.302238702774048, 5.347935438156128], "mean": 5.3118611971537275, "stdev": 0.032354583611745806}, "time_projection": {"all_values": [295.7275941371918, 294.3070213794708, 297.48040986061096], "mean": 295.8383417924245, "stdev": 1.5895903231376598}, "time_enumeration": {"all_values": [3.719536304473877, 3.1082913875579834, 4.507565498352051], "mean": 3.778464396794637, "stdev": 0.7014958298757413}, "time_postprocessing": {"all_values": [5.314017057418823, 5.349594831466675, 5.316343307495117], "mean": 5.326651732126872, "stdev": 0.01990332171627184}, "ECM_count": {"all_values": [77546, 77546, 77546], "mean": 77546, "stdev": 0.0}, "max_rss": {"all_values": [509816, 513844, 510168], "mean": 511276, "stdev": 2230.906542193106}, "swap": {"all_values": [0, 0, 0], "mean": 0, "stdev": 0.0}}, "60": {"time_total": {"all_values": [318.4897985458374, 318.3520972728729, 320.3206787109375], "mean": 319.0541915098826, "stdev": 1.098968963606752}, "time_initial_setup": {"all_values": [5.642357349395752, 5.595199346542358, 5.609617233276367], "mean": 5.615724643071492, "stdev": 0.024164946701459186}, "time_projection": {"all_values": [304.73376750946045, 303.26620602607727, 306.0961790084839], "mean": 304.6987175146739, "stdev": 1.4153120316342802}, "time_enumeration": {"all_values": [2.755496025085449, 4.106066465377808, 3.27494215965271], "mean": 3.378834883371989, "stdev": 0.6812528180339744}, "time_postprocessing": {"all_values": [5.356927871704102, 5.383373022079468, 5.338699579238892], "mean": 5.35966682434082, "stdev": 0.02246231332626268}, "ECM_count": {"all_values": [77546, 77546, 77546], "mean": 77546, "stdev": 0.0},