{"20": {"time_total": {"all_values": [257.44893765449524, 255.46681785583496, 255.84155011177063], "mean": 256.25243520736694, "stdev": 1.0530050547825776}, "time_initial_setup": {"all_values": [5.654511451721191, 5.643537759780884, 5.623927593231201], "mean": 5.640658934911092, "stdev": 0.015493831821313125}, "time_projection": {"all_values": [245.56414794921875, 243.52046394348145, 243.90249228477478], "mean": 244.32903472582498, "stdev": 1.0865610518233313}, "time_enumeration": {"all_values": [1.0600731372833252, 1.1353609561920166, 1.1385717391967773], "mean": 1.111335277557373, "stdev": 0.044423333406927425}, "time_postprocessing": {"all_values": [5.169118881225586, 5.166212320327759, 5.175290584564209], "mean": 5.170207262039185, "stdev": 0.004635962681392062}, "ECM_count": {"all_values": [6486, 6486, 6486], "mean": 6486, "stdev": 0.0}, "max_rss": {"all_values": [205784, 199224, 198764], "mean": 201257.33333333334, "stdev": 3926.949621950011}, "swap": {"all_values": [0, 0, 0], "mean": 0, "stdev": 0.0}}}