{"20": {"time_total": {"all_values": [262.71478247642517, 352.2213022708893, 262.0861566066742], "mean": 292.3407471179962, "stdev": 51.85903447505585}, "time_initial_setup": {"all_values": [5.916902780532837, 5.889078617095947, 5.859645128250122], "mean": 5.888542175292969, "stdev": 0.02863259529955427}, "time_projection": {"all_values": [250.176775932312, 339.7511100769043, 249.71621561050415], "mean": 279.8813672065735, "stdev": 51.84922962274513}, "time_enumeration": {"all_values": [1.4537022113800049, 1.4041056632995605, 1.3614721298217773], "mean": 1.4064266681671143, "stdev": 0.04615882671554523}, "time_postprocessing": {"all_values": [5.166254281997681, 5.1747589111328125, 5.1476147174835205], "mean": 5.162875970204671, "stdev": 0.013883859519083875}, "ECM_count": {"all_values": [9702, 9702, 9702], "mean": 9702, "stdev": 0.0}, "max_rss": {"all_values": [198128, 309232, 201048], "mean": 236136, "stdev": 63319.82716337751}, "swap": {"all_values": [0, 0, 0], "mean": 0, "stdev": 0.0}}}