{"3": {"time_total": {"all_values": [15.54204773902893, 15.525354385375977, 15.566121101379395], "mean": 15.5445077419281, "stdev": 0.02049438933278513}, "time_preprocessing": {"all_values": [2.9473822116851807, 2.805781841278076, 2.81962513923645], "mean": 2.8575963973999023, "stdev": 0.07806425916989122}, "time_first_vertex_enumeration": {"all_values": [1.5571272373199463, 1.5873472690582275, 1.6558198928833008], "mean": 1.6000981330871582, "stdev": 0.05056677234755982}, "time_intermediate_processing": {"all_values": [4.780585050582886, 4.8916261196136475, 4.867361307144165], "mean": 4.846524159113566, "stdev": 0.05837953242713081}, "time_second_vertex_enumeration": {"all_values": [6.220634937286377, 6.204496383666992, 6.193624496459961], "mean": 6.206251939137776, "stdev": 0.013590528307154999}, "time_postprocessing": {"all_values": [0.035314083099365234, 0.03516101837158203, 0.02870464324951172], "mean": 0.033059914906819664, "stdev": 0.0037725522672900427}, "max_rss": {"all_values": [373136, 367084, 369004], "mean": 369741.3333333333, "stdev": 3092.639864797279}, "swap": {"all_values": [0, 0, 0], "mean": 0, "stdev": 0.0}}, "5": {"time_total": {"all_values": [11.859395980834961, 11.642398595809937, 11.83292555809021], "mean": 11.778240044911703, "stdev": 0.11838431184334439}, "time_preprocessing": {"all_values": [2.8247601985931396, 2.8428456783294678, 2.8337793350219727], "mean": 2.8337950706481934, "stdev": 0.009042750136475807}, "time_first_vertex_enumeration": {"all_values": [1.1961605548858643, 1.242426872253418, 1.203035831451416], "mean": 1.2138744195302327, "stdev": 0.024964960932184567}, "time_intermediate_processing": {"all_values": [4.950437545776367, 4.786853075027466, 4.853469371795654], "mean": 4.863586664199829, "stdev": 0.08226019372541753}, "time_second_vertex_enumeration": {"all_values": [2.861084222793579, 2.7431366443634033, 2.9065659046173096], "mean": 2.836928923924764, "stdev": 0.08434980512346243}, "time_postprocessing": {"all_values": [0.025854110717773438, 0.026171207427978516, 0.03513169288635254], "mean": 0.029052337010701496, "stdev": 0.005267263376556687}, "max_rss": {"all_values": [368860, 368812, 368900], "mean": 368857.3333333333, "stdev": 44.06056437828882}, "swap": {"all_values": [0, 0, 0], "mean": 0, "stdev": 0.0}}, "10": {"time_total": {"all_values": [11.124789714813232, 11.50039792060852, 11.110085248947144], "mean": 11.245090961456299, "stdev": 0.22122451914913813}, "time_preprocessing": {"all_values": [2.789522886276245, 2.800928831100464, 2.825300931930542], "mean": 2.805250883102417, "stdev": 0.018276412061477718}, "time_first_vertex_enumeration": {"all_values": [1.214582920074463, 1.1537954807281494, 1.1874237060546875], "mean": 1.1852673689524333, "stdev": 0.030451035086583735}, "time_intermediate_processing": {"all_values": [5.090662717819214, 4.989722728729248, 4.991579055786133], "mean": 5.023988167444865, "stdev": 0.05774931374701978}, "time_second_vertex_enumeration": {"all_values": [1.9937875270843506, 2.52056884765625, 2.069516658782959], "mean": 2.194624344507853, "stdev": 0.2848044762577438}, "time_postprocessing": {"all_values": [0.0352783203125, 0.0343930721282959, 0.03516387939453125], "mean": 0.03494509061177572, "stdev": 0.00048147428332560074}, "max_rss": {"all_values": [364968, 364984, 367248], "mean": 365733.3333333333, "stdev": 1311.764206453787}, "swap": {"all_values": [0, 0, 0], "mean": 0, "stdev": 0.0}}, "20": {"time_total": {"all_values": [10.564836025238037, 10.520804643630981, 10.620813846588135], "mean": 10.568818171819052, "stdev": 0.05012338064791502}, "time_preprocessing": {"all_values": [2.8047523498535156, 2.8018126487731934, 2.832871675491333], "mean": 2.813145558039347, "stdev": 0.017146435282809146}, "time_first_vertex_enumeration": {"all_values": [1.2210721969604492, 1.202066421508789, 1.2351806163787842], "mean": 1.2194397449493408, "stdev": 0.016617344858563646}, "time_intermediate_processing": {"all_values": [4.891303062438965, 4.833168029785156, 4.878981351852417], "mean": 4.867817481358846, "stdev": 0.03063322556820888}, "time_second_vertex_enumeration": {"all_values": [1.621013879776001, 1.6461749076843262, 1.6376745700836182], "mean": 1.6349544525146484, "stdev": 0.012799164466583088}, "time_postprocessing": {"all_values": [0.025751590728759766, 0.03656363487243652, 0.0351564884185791], "mean": 0.03249057133992513, "stdev": 0.005878384986022769}, "max_rss": {"all_values": [365000, 364896, 364852], "mean": 364916, "stdev": 76.0}, "swap": {"all_values": [0, 0, 0], "mean": 0, "stdev": 0.0}}, "30": {"time_total": {"all_values": [10.69695258140564, 10.806458950042725, 10.828736066818237], "mean": 10.777382532755533, "stdev": 0.07053935276544022}, "time_preprocessing": {"all_values": [2.841604232788086, 2.8470165729522705, 2.805426597595215], "mean": 2.8313491344451904, "stdev": 0.022612093977935083}, "time_first_vertex_enumeration": {"all_values": [1.3270437717437744, 1.3108203411102295, 1.318056344985962], "mean": 1.318640152613322, "stdev": 0.00812745648340757}, "time_intermediate_processing": {"all_values": [4.817906618118286, 4.865703582763672, 4.905381917953491], "mean": 4.862997372945149, "stdev": 0.04380039610552805}, "time_second_vertex_enumeration": {"all_values": [1.6737542152404785, 1.75628662109375, 1.7613177299499512], "mean": 1.7304528554280598, "stdev": 0.049166857367756896}, "time_postprocessing": {"all_values": [0.035714149475097656, 0.025710344314575195, 0.037390708923339844], "mean": 0.03293840090433756, "stdev": 0.006315561292908015}, "max_rss": {"all_values": [362880, 367096, 366828], "mean": 365601.3333333333, "stdev": 2360.5502183459967}, "swap": {"all_values": [0, 0, 0], "mean": 0, "stdev": 0.0}}, "40": {"time_total": {"all_values": [10.42460036277771, 10.649080038070679, 10.71048355102539], "mean": 10.59472131729126, "stdev": 0.15049402720455662}, "time_preprocessing": {"all_values": [2.8015828132629395, 2.874131679534912, 2.9896392822265625], "mean": 2.888451258341471, "stdev": 0.09484248326917888}, "time_first_vertex_enumeration": {"all_values": [1.2851886749267578, 1.312051773071289, 1.2493438720703125], "mean": 1.2821947733561199, "stdev": 0.031460972600160834}, "time_intermediate_processing": {"all_values": [4.826408863067627, 5.008630990982056, 4.983221530914307], "mean": 4.939420461654663, "stdev": 0.09869207783115964}, "time_second_vertex_enumeration": {"all_values": [1.4744250774383545, 1.417970895767212, 1.4608113765716553], "mean": 1.4510691165924072, "stdev": 0.02946103153603139}, "time_postprocessing": {"all_values": [0.03603959083557129, 0.035352468490600586, 0.02646780014038086], "mean": 0.03261995315551758, "stdev": 0.005338986263372605}, "max_rss": {"all_values": [366828, 371232, 367208], "mean": 368422.6666666667, "stdev": 2440.361721821856}, "swap": {"all_values": [0, 0, 0], "mean": 0, "stdev": 0.0}}, "60": {"time_total": {"all_values": [10.521708250045776, 10.57483196258545, 10.643262386322021], "mean": 10.579934199651083, "stdev": 0.06093748131299351}, "time_preprocessing": {"all_values": [2.827523708343506, 2.8310658931732178, 2.7841625213623047], "mean": 2.8142507076263428, "stdev": 0.026117254504188375}, "time_first_vertex_enumeration": {"all_values": [1.3867459297180176, 1.3497700691223145, 1.4329869747161865], "mean": 1.3898343245188396, "stdev": 0.04169432792346175}, "time_intermediate_processing": {"all_values": [4.8065197467803955, 4.90941047668457, 4.8621861934661865], "mean": 4.859372138977051, "stdev": 0.05150305575453103}, "time_second_vertex_enumeration": {"all_values": [1.466221809387207, 1.4574053287506104, 1.5369606018066406], "mean": 1.486862579981486, "stdev": 0.0436095336572076}, "time_postprocessing": {"all_values": [0.03375530242919922, 0.026243209838867188, 0.025807857513427734], "mean": 0.028602123260498047, "stdev": 0.004468089588444726}, "max_rss": {"all_values": [366880, 366852, 371412], "mean": 368381.3333333333, "stdev": 2624.671662005237}, "swap": {"all_values": [0, 0, 0], "mean": 0,