{"20": {"time_total": {"all_values": [14751.256965637207, 14752.752733945847, 14715.589395046234], "mean": 14739.866364876429, "stdev": 21.037770290846776}, "time_preprocessing": {"all_values": [5.696327209472656, 5.67996621131897, 5.527101993560791], "mean": 5.634465138117473, "stdev": 0.09333838530835194}, "time_first_vertex_enumeration": {"all_values": [31.711933374404907, 28.080376386642456, 29.935374975204468], "mean": 29.909228245417278, "stdev": 1.815919678138462}, "time_intermediate_processing": {"all_values": [17.811110496520996, 18.038987636566162, 18.48172426223755], "mean": 18.110607465108234, "stdev": 0.34099524274164134}, "time_second_vertex_enumeration": {"all_values": [11198.666642189026, 11229.643151521683, 11169.671768188477], "mean": 11199.327187299728, "stdev": 29.991147770751365}, "time_postprocessing": {"all_values": [3497.370043992996, 3471.309164762497, 3491.9723522663116], "mean": 3486.883853673935, "stdev": 13.755434199258554}, "max_rss": {"all_values": [218564, 447856, 447888], "mean": 371436, "stdev": 132391.03649416752}, "swap": {"all_values": [0, 0, 0], "mean": 0, "stdev": 0.0}}}