{"20": {"time_total": {"all_values": [44.84260082244873, 39.18483018875122, 40.550785303115845], "mean": 41.526072104771934, "stdev": 2.952283928587476}, "time_preprocessing": {"all_values": [4.403846025466919, 4.217980623245239, 4.309071779251099], "mean": 4.310299475987752, "stdev": 0.09293878289075334}, "time_first_vertex_enumeration": {"all_values": [17.125734329223633, 13.606435775756836, 15.103149890899658], "mean": 15.278439998626709, "stdev": 1.7661853083718575}, "time_intermediate_processing": {"all_values": [8.522664785385132, 8.535643100738525, 8.551713466644287], "mean": 8.536673784255981, "stdev": 0.014551742236202042}, "time_second_vertex_enumeration": {"all_values": [11.040504455566406, 9.046576976776123, 8.777613162994385], "mean": 9.621564865112305, "stdev": 1.2361745646548243}, "time_postprocessing": {"all_values": [3.7489378452301025, 3.7772653102874756, 3.80812668800354], "mean": 3.7781099478403726, "stdev": 0.029603459876533}, "max_rss": {"all_values": [188464, 193996, 449008], "mean": 277156, "stdev": 148853.8987866962}, "swap": {"all_values": [0, 0, 0], "mean": 0, "stdev": 0.0}}}