{"20": {"time_total": {"all_values": [138.74867415428162, 130.25279188156128, 131.90790009498596], "mean": 133.63645537694296, "stdev": 4.503990610566032}, "time_preprocessing": {"all_values": [5.1332995891571045, 5.2444398403167725, 5.1260552406311035], "mean": 5.16793155670166, "stdev": 0.06635705119043031}, "time_first_vertex_enumeration": {"all_values": [19.355900526046753, 20.749302864074707, 19.488502264022827], "mean": 19.864568551381428, "stdev": 0.7690656072606576}, "time_intermediate_processing": {"all_values": [10.92411208152771, 10.926614761352539, 10.896049737930298], "mean": 10.915592193603516, "stdev": 0.016970460567738366}, "time_second_vertex_enumeration": {"all_values": [73.21339011192322, 63.27347731590271, 66.46108341217041], "mean": 67.64931694666545, "stdev": 5.075371000970962}, "time_postprocessing": {"all_values": [30.120641946792603, 30.05785632133484, 29.935046195983887], "mean": 30.037848154703777, "stdev": 0.09440175172376314}, "max_rss": {"all_values": [198492, 324884, 389332], "mean": 304236, "stdev": 97081.05545367747}, "swap": {"all_values": [0, 0, 0], "mean": 0, "stdev": 0.0}}}