{"60": {"time_total": {"all_values": [141957.35390901566], "mean": 141957.35390901566}, "time_preprocessing": {"all_values": [6.5636961460113525], "mean": 6.5636961460113525}, "time_first_vertex_enumeration": {"all_values": [19.645657539367676], "mean": 19.645657539367676}, "time_intermediate_processing": {"all_values": [27.210981369018555], "mean": 27.210981369018555}, "time_second_vertex_enumeration": {"all_values": [90425.18341517448], "mean": 90425.18341517448}, "time_postprocessing": {"all_values": [51478.74925041199], "mean": 51478.74925041199}, "max_rss": {"all_values": [477964], "mean": 477964}, "swap": {"all_values": [0], "mean": 0}}}