{"20": {"time_total": {"all_values": [40.53304409980774, 40.4358696937561, 37.88554906845093], "mean": 39.61815428733826, "stdev": 1.5012665818183588}, "time_preprocessing": {"all_values": [4.253976821899414, 4.267184734344482, 4.181305885314941], "mean": 4.234155813852946, "stdev": 0.04624336111966008}, "time_first_vertex_enumeration": {"all_values": [18.560739517211914, 17.897759675979614, 15.384636640548706], "mean": 17.28104527791341, "stdev": 1.6754581037357201}, "time_intermediate_processing": {"all_values": [8.874921321868896, 8.828725576400757, 8.791322231292725], "mean": 8.831656376520792, "stdev": 0.04187653493662589}, "time_second_vertex_enumeration": {"all_values": [6.993788719177246, 7.512918949127197, 7.63524317741394], "mean": 7.380650281906128, "stdev": 0.3405689441864323}, "time_postprocessing": {"all_values": [1.8487017154693604, 1.9283547401428223, 1.8919339179992676], "mean": 1.8896634578704834, "stdev": 0.03987502133924297}, "max_rss": {"all_values": [446944, 263024, 203348], "mean": 304438.6666666667, "stdev": 126969.02679525166}, "swap": {"all_values": [0, 0, 0], "mean": 0, "stdev": 0.0}}}