{"20": {"time_total": {"all_values": [26.314563035964966, 25.591619729995728, 28.068488597869873], "mean": 26.658223787943523, "stdev": 1.2736941868042297}, "time_preprocessing": {"all_values": [3.9338178634643555, 3.903824806213379, 3.988471269607544], "mean": 3.9420379797617593, "stdev": 0.04291775477867016}, "time_first_vertex_enumeration": {"all_values": [8.427764654159546, 8.162991523742676, 10.316327571868896], "mean": 8.969027916590372, "stdev": 1.1742821098368608}, "time_intermediate_processing": {"all_values": [9.808523178100586, 9.79348874092102, 9.844870328903198], "mean": 9.815627415974935, "stdev": 0.026417220571514872}, "time_second_vertex_enumeration": {"all_values": [3.4847633838653564, 3.116534471511841, 3.2976205348968506], "mean": 3.2996394634246826, "stdev": 0.1841227580381188}, "time_postprocessing": {"all_values": [0.6578013896942139, 0.6138734817504883, 0.6202917098999023], "mean": 0.6306555271148682, "stdev": 0.023727026879215688}, "max_rss": {"all_values": [256256, 438320, 210624], "mean": 301733.3333333333, "stdev": 120467.87119117417}, "swap": {"all_values": [0, 0, 0], "mean": 0, "stdev": 0.0}}}