{"20": {"time_total": {"all_values": [379.50611996650696, 387.65542340278625, 390.8396158218384], "mean": 386.0003863970439, "stdev": 5.845202536566734}, "time_preprocessing": {"all_values": [4.621768474578857, 4.641603708267212, 4.777911901473999], "mean": 4.6804280281066895, "stdev": 0.08500404872056475}, "time_first_vertex_enumeration": {"all_values": [22.410897731781006, 31.060967445373535, 26.163217306137085], "mean": 26.545027494430542, "stdev": 4.337656138678606}, "time_intermediate_processing": {"all_values": [12.382267475128174, 12.321794271469116, 12.411018133163452], "mean": 12.37169329325358, "stdev": 0.0455421163940613}, "time_second_vertex_enumeration": {"all_values": [218.63910722732544, 217.96611332893372, 225.50669503211975], "mean": 220.70397186279297, "stdev": 4.172869825157423}, "time_postprocessing": {"all_values": [121.45108389854431, 121.66383004188538, 121.979651927948], "mean": 121.69818862279256, "stdev": 0.265953801417447}, "max_rss": {"all_values": [472500, 197888, 218572], "mean": 296320, "stdev": 152926.45704390068}, "swap": {"all_values": [0, 0, 0], "mean": 0, "stdev": 0.0}}}