{"3": {"time_total": {"all_values": [467.69591760635376, 458.8890323638916, 464.55837416648865], "mean": 463.7144413789113, "stdev": 4.463683885641482}, "time_preprocessing": {"all_values": [4.6463093757629395, 4.68518853187561, 4.788668394088745], "mean": 4.706722100575765, "stdev": 0.07358188269129146}, "time_first_vertex_enumeration": {"all_values": [203.36132335662842, 203.49306774139404, 200.5067174434662], "mean": 202.45370284716287, "stdev": 1.6874250405233733}, "time_intermediate_processing": {"all_values": [9.5949387550354, 9.69620418548584, 9.838320016860962], "mean": 9.709820985794067, "stdev": 0.12226067474836805}, "time_second_vertex_enumeration": {"all_values": [242.5808494091034, 233.47933888435364, 241.93961644172668], "mean": 239.33326824506125, "stdev": 5.079779685156489}, "time_postprocessing": {"all_values": [7.511562824249268, 7.534136772155762, 7.483976364135742], "mean": 7.509891986846924, "stdev": 0.02512191088278344}, "max_rss": {"all_values": [416128, 453516, 438984], "mean": 436209.3333333333, "stdev": 18847.80404538771}, "swap": {"all_values": [0, 0, 0], "mean": 0, "stdev": 0.0}}, "5": {"time_total": {"all_values": [160.71990942955017, 159.8310685157776, 167.88992190361023], "mean": 162.81363328297934, "stdev": 4.418601493963797}, "time_preprocessing": {"all_values": [4.873268365859985, 4.7164506912231445, 4.807761192321777], "mean": 4.799160083134969, "stdev": 0.0787618567522317}, "time_first_vertex_enumeration": {"all_values": [58.469971895217896, 63.03796744346619, 66.06975317001343], "mean": 62.52589750289917, "stdev": 3.8256804066998895}, "time_intermediate_processing": {"all_values": [9.701431512832642, 9.754857063293457, 9.562496423721313], "mean": 9.67292833328247, "stdev": 0.0992974186346402}, "time_second_vertex_enumeration": {"all_values": [80.16120767593384, 74.78844571113586, 80.00931715965271], "mean": 78.31965684890747, "stdev": 3.0590614176370696}, "time_postprocessing": {"all_values": [7.512963771820068, 7.531219720840454, 7.439512729644775], "mean": 7.4945654074351, "stdev": 0.04854294920555041}, "max_rss": {"all_values": [463964, 281152, 245184], "mean": 330100, "stdev": 117316.24835460773}, "swap": {"all_values": [0, 0, 0], "mean": 0, "stdev": 0.0}}, "10": {"time_total": {"all_values": [94.84618926048279, 90.98004698753357, 80.84913516044617], "mean": 88.8917904694875, "stdev": 7.228415617112051}, "time_preprocessing": {"all_values": [4.506033420562744, 4.819935083389282, 4.645448684692383], "mean": 4.65713906288147, "stdev": 0.15727702371284025}, "time_first_vertex_enumeration": {"all_values": [35.51426100730896, 37.15991520881653, 28.010069847106934], "mean": 33.561415354410805, "stdev": 4.877511880439868}, "time_intermediate_processing": {"all_values": [9.683120012283325, 9.573716878890991, 9.668087720870972], "mean": 9.641641537348429, "stdev": 0.05930271381813987}, "time_second_vertex_enumeration": {"all_values": [37.69213676452637, 32.018346309661865, 30.993619680404663], "mean": 33.56803425153097, "stdev": 3.6081411168977926}, "time_postprocessing": {"all_values": [7.449548721313477, 7.407052040100098, 7.530827522277832], "mean": 7.462476094563802, "stdev": 0.06289221121448652}, "max_rss": {"all_values": [230432, 289020, 435808], "mean": 318420, "stdev": 105797.42598003034}, "swap": {"all_values": [0, 0, 0], "mean": 0, "stdev": 0.0}}, "20": {"time_total": {"all_values": [57.66630458831787, 60.154279470443726, 55.39352893829346], "mean": 57.73803766568502, "stdev": 2.3811857619962553}, "time_preprocessing": {"all_values": [4.528814315795898, 4.604489326477051, 4.550467252731323], "mean": 4.561256965001424, "stdev": 0.038974225182186815}, "time_first_vertex_enumeration": {"all_values": [20.911829233169556, 16.858302116394043, 14.988327741622925], "mean": 17.586153030395508, "stdev": 3.0280839973237805}, "time_intermediate_processing": {"all_values": [9.61158013343811, 9.596950769424438, 9.615689516067505], "mean": 9.608073472976685, "stdev": 0.00984924652610814}, "time_second_vertex_enumeration": {"all_values": [15.126075029373169, 21.586933612823486, 18.70282220840454], "mean": 18.471943616867065, "stdev": 3.2366112064717716}, "time_postprocessing": {"all_values": [7.486886739730835, 7.5066821575164795, 7.535124778747559], "mean": 7.509564558664958, "stdev": 0.02424785102499393}, "max_rss": {"all_values": [456200, 197176, 195584], "mean": 282986.6666666667, "stdev": 150009.25887868833}, "swap": {"all_values": [0, 0, 0], "mean": 0, "stdev": 0.0}}, "30": {"time_total": {"all_values": [48.39655780792236, 51.2476966381073, 49.14531207084656], "mean": 49.596522172292076, "stdev": 1.478154617752127}, "time_preprocessing": {"all_values": [4.547807455062866, 4.641412258148193, 4.674686431884766], "mean": 4.621302048365275, "stdev": 0.06578665588839244}, "time_first_vertex_enumeration": {"all_values": [13.666608095169067, 16.33982515335083, 15.159053564071655], "mean": 15.055162270863852, "stdev": 1.3396333120080965}, "time_intermediate_processing": {"all_values": [9.562709093093872, 9.557111263275146, 9.847657442092896], "mean": 9.655825932820639, "stdev": 0.1661545361611413}, "time_second_vertex_enumeration": {"all_values": [13.114689111709595, 13.162734508514404, 11.937136173248291], "mean": 12.738186597824097, "stdev": 0.6941458255102755}, "time_postprocessing": {"all_values": [7.5038275718688965, 7.545544862747192, 7.525836944580078], "mean": 7.525069793065389, "stdev": 0.020869223287917422}, "max_rss": {"all_values": [371128, 450680, 219448], "mean": 347085.3333333333, "stdev": 117475.94145753136}, "swap": {"all_values": [0, 0, 0], "mean": 0, "stdev": 0.0}}, "40": {"time_total": {"all_values": [47.028903007507324, 48.88826084136963, 48.31561779975891], "mean": 48.077593882878624, "stdev": 0.9522575425490505}, "time_preprocessing": {"all_values": [4.66664719581604, 4.765182971954346, 4.449583053588867], "mean": 4.627137740453084, "stdev": 0.16146694682002946}, "time_first_vertex_enumeration": {"all_values": [12.5532386302948, 14.981367588043213, 15.407600402832031], "mean": 14.314068873723349, "stdev": 1.5397437977566852}, "time_intermediate_processing": {"all_values": [9.59476923942566, 9.60687518119812, 9.64496660232544], "mean": 9.61553700764974, "stdev": 0.026195691222633165}, "time_second_vertex_enumeration": {"all_values": [12.625086784362793, 12.017140626907349, 11.222035884857178], "mean": 11.95475443204244, "stdev": 0.7036028600234445}, "time_postprocessing": {"all_values": [7.5880656242370605, 7.516783714294434, 7.590306520462036], "mean": 7.565051952997844, "stdev": 0.04181653446448893}, "max_rss": {"all_values": [215660, 195732, 259360], "mean": 223584, "stdev": 32545.705215896}, "swap": {"all_values": [0, 0, 0], "mean": 0, "stdev": 0.0}}, "50": {"time_total": {"all_values": [46.65809392929077, 43.85216164588928, 44.66075038909912], "mean": 45.057001988093056, "stdev": 1.4443252722422373}, "time_preprocessing": {"all_values": [4.755847930908203, 4.6822144985198975, 4.7181396484375], "mean": 4.7187340259552, "stdev": 0.03682031443097623}, "time_first_vertex_enumeration": {"all_values": [11.565752267837524, 11.625068664550781, 10.762750148773193], "mean": 11.317857027053833, "stdev": 0.4816506446228623}, "time_intermediate_processing": {"all_values": [9.637882947921753, 9.666282176971436, 9.62524962425232], "mean": 9.64313824971517, "stdev": 0.021015024229504867}, "time_second_vertex_enumeration": {"all_values": [13.126240491867065, 10.344506978988647, 12.089187145233154], "mean": 11.853311538696289, "stdev": 1.405787434318246}, "time_postprocessing": {"all_values": [7.5714499950408936, 7.532980680465698, 7.46448540687561], "mean": 7.522972027460734, "stdev": 0.05418012210739742}, "max_rss": {"all_values": [462220, 205748, 457432], "mean": 375133.3333333333, "stdev": 146711.535324709}, "swap": {"all_values": [0, 0, 0], "mean": 0, "stdev": 0.0}}, "60": {"time_total": {"all_values": [42.556923627853394, 45.17374062538147, 45.738264083862305], "mean": 44.48964277903239,