{"20": {"time_total": {"all_values": [146722.41055965424], "mean": 146722.41055965424}, "time_preprocessing": {"all_values": [6.294644594192505], "mean": 6.294644594192505}, "time_first_vertex_enumeration": {"all_values": [34.819775342941284], "mean": 34.819775342941284}, "time_intermediate_processing": {"all_values": [23.66441535949707], "mean": 23.66441535949707}, "time_second_vertex_enumeration": {"all_values": [118075.10120773315], "mean": 118075.10120773315}, "time_postprocessing": {"all_values": [28582.528542280197], "mean": 28582.528542280197}, "max_rss": {"all_values": [333332], "mean": 333332}, "swap": {"all_values": [0], "mean": 0}}}