{"20": {"time_total": {"all_values": [5186.807563781738, 5165.771831274033, 5269.273730278015], "mean": 5207.284375111262, "stdev": 54.70498721347382}, "time_preprocessing": {"all_values": [5.519567251205444, 5.575704097747803, 5.4118359088897705], "mean": 5.502369085947673, "stdev": 0.08327681847956339}, "time_first_vertex_enumeration": {"all_values": [31.80171227455139, 25.891838788986206, 31.301607131958008], "mean": 29.665052731831867, "stdev": 3.2772524898572843}, "time_intermediate_processing": {"all_values": [18.024815797805786, 18.136157989501953, 18.06334161758423], "mean": 18.074771801630657, "stdev": 0.05654429894717859}, "time_second_vertex_enumeration": {"all_values": [3401.627943277359, 3364.0255358219147, 3452.0867710113525], "mean": 3405.913416703542, "stdev": 44.18675421025246}, "time_postprocessing": {"all_values": [1729.8316147327423, 1752.1415190696716, 1762.409108877182], "mean": 1748.127414226532, "stdev": 16.655571423747027}, "max_rss": {"all_values": [297640, 200836, 459056], "mean": 319177.3333333333, "stdev": 130450.31485333155}, "swap": {"all_values": [0, 0, 0], "mean": 0, "stdev": 0.0}}}