{"60": {"time_total": {"all_values": [851414.1612331867], "mean": 851414.1612331867}, "time_preprocessing": {"all_values": [6.908262491226196], "mean": 6.908262491226196}, "time_first_vertex_enumeration": {"all_values": [20.489668607711792], "mean": 20.489668607711792}, "time_intermediate_processing": {"all_values": [25.619183778762817], "mean": 25.619183778762817}, "time_second_vertex_enumeration": {"all_values": [762573.096704483], "mean": 762573.096704483}, "time_postprocessing": {"all_values": [88788.04651856422], "mean": 88788.04651856422}, "max_rss": {"all_values": [468260], "mean": 468260}, "swap": {"all_values": [0], "mean": 0}}}