{"3": {"time_total": {"all_values": [8176.366716384888, 8205.99119400978, 8182.830880403519], "mean": 8188.396263599396, "stdev": 15.576666402817468}, "time_preprocessing": {"all_values": [4.655564785003662, 4.660202503204346, 4.826103210449219], "mean": 4.713956832885742, "stdev": 0.09714929031127617}, "time_first_vertex_enumeration": {"all_values": [242.71967697143555, 262.7681460380554, 260.9324104785919], "mean": 255.4734111626943, "stdev": 11.083130565279447}, "time_intermediate_processing": {"all_values": [13.693745374679565, 13.993025302886963, 13.88249683380127], "mean": 13.856422503789267, "stdev": 0.15133413980704222}, "time_second_vertex_enumeration": {"all_values": [7672.759208440781, 7684.667717218399, 7663.34086728096], "mean": 7673.58926431338, "stdev": 10.687627268352761}, "time_postprocessing": {"all_values": [242.53658032417297, 239.9010133743286, 239.8468325138092], "mean": 240.7614754041036, "stdev": 1.5375246337384443}, "max_rss": {"all_values": [448152, 267512, 364560], "mean": 360074.6666666667, "stdev": 90403.49031610081}, "swap": {"all_values": [0, 0, 0], "mean": 0, "stdev": 0.0}}, "5": {"time_total": {"all_values": [2913.126041173935, 2921.1723761558533, 2926.65780544281], "mean": 2920.3187409241996, "stdev": 6.80615022524789}, "time_preprocessing": {"all_values": [4.628838300704956, 4.825182676315308, 4.803943872451782], "mean": 4.752654949824016, "stdev": 0.10775292871515141}, "time_first_vertex_enumeration": {"all_values": [79.61877250671387, 77.20201706886292, 77.37325692176819], "mean": 78.06468216578166, "stdev": 1.3486023738077322}, "time_intermediate_processing": {"all_values": [14.195307970046997, 13.866411685943604, 13.839628219604492], "mean": 13.967115958531698, "stdev": 0.19807330488188837}, "time_second_vertex_enumeration": {"all_values": [2573.511994123459, 2583.8215997219086, 2588.928471803665], "mean": 2582.0873552163443, "stdev": 7.85319355548333}, "time_postprocessing": {"all_values": [241.16898465156555, 241.45608472824097, 241.71142268180847], "mean": 241.44549735387167, "stdev": 0.2713739551531826}, "max_rss": {"all_values": [200988, 418968, 202432], "mean": 274129.3333333333, "stdev": 125436.0426884288}, "swap": {"all_values": [0, 0, 0], "mean": 0, "stdev": 0.0}}, "10": {"time_total": {"all_values": [1279.0092215538025, 1310.8800818920135, 1284.856847524643], "mean": 1291.5820503234863, "stdev": 16.966413857637}, "time_preprocessing": {"all_values": [4.864389896392822, 4.714927911758423, 4.84561014175415], "mean": 4.808309316635132, "stdev": 0.08141397225681268}, "time_first_vertex_enumeration": {"all_values": [35.351940870285034, 58.11881399154663, 29.823101043701172], "mean": 41.09795196851095, "stdev": 14.997477303280668}, "time_intermediate_processing": {"all_values": [13.700037002563477, 13.765092134475708, 13.840359926223755], "mean": 13.76849635442098, "stdev": 0.07022337403755899}, "time_second_vertex_enumeration": {"all_values": [984.9710047245026, 995.2898857593536, 994.6083285808563], "mean": 991.6230730215708, "stdev": 5.7709305591504005}, "time_postprocessing": {"all_values": [240.12035870552063, 238.99031043052673, 241.73836278915405], "mean": 240.2830106417338, "stdev": 1.3812275991684768}, "max_rss": {"all_values": [278812, 463688, 254224], "mean": 332241.3333333333, "stdev": 114498.08762303994}, "swap": {"all_values": [0, 0, 0], "mean": 0, "stdev": 0.0}}, "20": {"time_total": {"all_values": [732.6554205417633, 732.0822148323059, 744.5801413059235], "mean": 736.4392588933309, "stdev": 7.056034016222067}, "time_preprocessing": {"all_values": [4.70391845703125, 4.782843351364136, 4.846019506454468], "mean": 4.777593771616618, "stdev": 0.07119582591303444}, "time_first_vertex_enumeration": {"all_values": [28.0959529876709, 21.308348417282104, 28.889087677001953], "mean": 26.097796360651653, "stdev": 4.166698256478402}, "time_intermediate_processing": {"all_values": [14.215029001235962, 13.799254179000854, 13.883798360824585], "mean": 13.9660271803538, "stdev": 0.2197461257270194}, "time_second_vertex_enumeration": {"all_values": [442.47379970550537, 453.18013286590576, 455.799946308136], "mean": 450.4846262931824, "stdev": 7.060160237657295}, "time_postprocessing": {"all_values": [243.16564011573792, 239.0105800628662, 241.1601996421814], "mean": 241.11213994026184, "stdev": 2.0779468982517333}, "max_rss": {"all_values": [468304, 293284, 458436], "mean": 406674.6666666667, "stdev": 98323.07369754738}, "swap": {"all_values": [0, 0, 0], "mean": 0, "stdev": 0.0}}, "30": {"time_total": {"all_values": [578.0512058734894, 555.890524148941, 560.9563910961151], "mean": 564.9660403728485, "stdev": 11.61171473624758}, "time_preprocessing": {"all_values": [4.702254295349121, 4.924334526062012, 4.915629625320435], "mean": 4.8474061489105225, "stdev": 0.12578052022655598}, "time_first_vertex_enumeration": {"all_values": [19.695833444595337, 16.281464338302612, 20.13217568397522], "mean": 18.703157822291057, "stdev": 2.1085654211479494}, "time_intermediate_processing": {"all_values": [13.827980518341064, 14.26312255859375, 13.91268277168274], "mean": 14.001261949539185, "stdev": 0.23069861694667845}, "time_second_vertex_enumeration": {"all_values": [295.0476086139679, 280.43061232566833, 281.2839114665985], "mean": 285.58737746874493, "stdev": 8.203902110993479}, "time_postprocessing": {"all_values": [244.77642250061035, 239.9899230003357, 240.71091032028198], "mean": 241.82575194040933, "stdev": 2.5806584905811416}, "max_rss": {"all_values": [474248, 212396, 459112], "mean": 381918.6666666667, "stdev": 147005.86896220618}, "swap": {"all_values": [0, 0, 0], "mean": 0, "stdev": 0.0}}, "40": {"time_total": {"all_values": [489.8810703754425, 491.48752641677856, 493.85172724723816], "mean": 491.7401080131531, "stdev": 1.997342508310689}, "time_preprocessing": {"all_values": [4.61138653755188, 4.735405445098877, 4.883509397506714], "mean": 4.743433793385823, "stdev": 0.13623895738613803}, "time_first_vertex_enumeration": {"all_values": [16.668672800064087, 16.99616265296936, 18.321345806121826], "mean": 17.32872708638509, "stdev": 0.8750893343069756}, "time_intermediate_processing": {"all_values": [13.630685567855835, 14.638827323913574, 13.846984148025513], "mean": 14.038832346598307, "stdev": 0.5307464070048099}, "time_second_vertex_enumeration": {"all_values": [215.17015743255615, 211.58657670021057, 216.7850477695465], "mean": 214.5139273007711, "stdev": 2.660639745263848}, "time_postprocessing": {"all_values": [239.79908180236816, 243.52947616577148, 240.0137972831726], "mean": 241.1141184171041, "stdev": 2.094514376880714}, "max_rss": {"all_values": [450964, 257424, 404368], "mean": 370918.6666666667, "stdev": 101012.75328062953}, "swap": {"all_values": [0, 0, 0], "mean": 0, "stdev": 0.0}}, "50": {"time_total": {"all_values": [456.22474551200867, 460.23133516311646, 462.6254334449768], "mean": 459.693838040034, "stdev": 3.2340189968215163}, "time_preprocessing": {"all_values": [4.92613959312439, 4.961395740509033, 4.716852426528931], "mean": 4.868129253387451, "stdev": 0.1321902331505207}, "time_first_vertex_enumeration": {"all_values": [14.468424558639526, 15.319419622421265, 14.242616415023804], "mean": 14.676820198694864, "stdev": 0.5678449118913724}, "time_intermediate_processing": {"all_values": [13.727460145950317, 13.850005388259888, 13.861774206161499], "mean": 13.813079913457235, "stdev": 0.07438201872532267}, "time_second_vertex_enumeration": {"all_values": [179.36415219306946, 184.265949010849, 188.58150553703308], "mean": 184.07053558031717, "stdev": 4.611782786894186}, "time_postprocessing": {"all_values": [243.73746371269226, 241.83346438407898, 241.22157883644104], "mean": 242.26416897773743, "stdev": 1.3120781275847377}, "max_rss": {"all_values": [449208, 357640, 207252], "mean": 338033.3333333333, "stdev": 122163.7938070578}, "swap": {"all_values": [0, 0, 0], "mean": 0, "stdev": 0.0}}, "60": {"time_total": {"all_values": [432.5203423500061, 436.0486681461334, 421.7114419937134],