{"20": {"time_total": {"all_values": [73923.51094031334], "mean": 73923.51094031334}, "time_preprocessing": {"all_values": [6.03400182723999], "mean": 6.03400182723999}, "time_first_vertex_enumeration": {"all_values": [38.194100856781006], "mean": 38.194100856781006}, "time_intermediate_processing": {"all_values": [24.387101650238037], "mean": 24.387101650238037}, "time_second_vertex_enumeration": {"all_values": [59553.53985834122], "mean": 59553.53985834122}, "time_postprocessing": {"all_values": [14301.354975700378], "mean": 14301.354975700378}, "max_rss": {"all_values": [206404], "mean": 206404}, "swap": {"all_values": [0], "mean": 0}}}