{"20": {"time_total": {"all_values": [34.020742893218994, 31.674875259399414, 34.192954778671265], "mean": 33.29619097709656, "stdev": 1.406738328798789}, "time_preprocessing": {"all_values": [4.058495998382568, 3.965651035308838, 3.9975802898406982], "mean": 4.007242441177368, "stdev": 0.04717059113876068}, "time_first_vertex_enumeration": {"all_values": [17.02451992034912, 15.13268494606018, 17.24758505821228], "mean": 16.468263308207195, "stdev": 1.1620097611504612}, "time_intermediate_processing": {"all_values": [7.943669319152832, 7.870626449584961, 7.968795537948608], "mean": 7.927697102228801, "stdev": 0.050996335776589345}, "time_second_vertex_enumeration": {"all_values": [4.025288343429565, 3.7203404903411865, 3.988906145095825], "mean": 3.9115116596221924, "stdev": 0.16655548043249477}, "time_postprocessing": {"all_values": [0.9678232669830322, 0.9846580028533936, 0.9888575077056885], "mean": 0.9804462591807047, "stdev": 0.01113166246649566}, "max_rss": {"all_values": [446012, 461892, 205028], "mean": 370977.3333333333, "stdev": 143935.5047419966}, "swap": {"all_values": [0, 0, 0], "mean": 0, "stdev": 0.0}}}