{"20": {"time_total": {"all_values": [1463.0576548576355, 1476.939148426056, 1476.6020419597626], "mean": 1472.1996150811513, "stdev": 7.918963804606217}, "time_preprocessing": {"all_values": [4.9316322803497314, 4.949286460876465, 5.145272493362427], "mean": 5.008730411529541, "stdev": 0.11857791786821639}, "time_first_vertex_enumeration": {"all_values": [24.019232749938965, 24.121761083602905, 36.388365745544434], "mean": 28.176453193028767, "stdev": 7.111909648077951}, "time_intermediate_processing": {"all_values": [15.733413934707642, 15.333912372589111, 14.496399164199829], "mean": 15.187908490498861, "stdev": 0.631299640268147}, "time_second_vertex_enumeration": {"all_values": [926.1573829650879, 943.539745092392, 930.6978070735931], "mean": 933.4649783770243, "stdev": 9.015517514157665}, "time_postprocessing": {"all_values": [492.2150595188141, 488.9923574924469, 489.8731150627136], "mean": 490.3601773579915, "stdev": 1.6656453245810874}, "max_rss": {"all_values": [444024, 475088, 468432], "mean": 462514.6666666667, "stdev": 16355.554082125538}, "swap": {"all_values": [0, 0, 0], "mean": 0, "stdev": 0.0}}}