{"20": {"time_total": {"all_values": [2917.9723901748657, 2926.658855199814, 2935.8147418498993], "mean": 2926.8153290748596, "stdev": 8.922204961727353}, "time_preprocessing": {"all_values": [5.318703889846802, 5.339163780212402, 5.4694976806640625], "mean": 5.375788450241089, "stdev": 0.08179680114951057}, "time_first_vertex_enumeration": {"all_values": [26.30230164527893, 28.26492428779602, 30.066102981567383], "mean": 28.21110963821411, "stdev": 1.8824776591354018}, "time_intermediate_processing": {"all_values": [15.699199914932251, 15.756162643432617, 15.714475631713867], "mean": 15.723279396692911, "stdev": 0.029484196070205092}, "time_second_vertex_enumeration": {"all_values": [1904.8043971061707, 1908.3455169200897, 1902.7587344646454], "mean": 1905.302882830302, "stdev": 2.8265527704232176}, "time_postprocessing": {"all_values": [965.846878528595, 968.9520099163055, 981.8048324584961], "mean": 972.2012403011322, "stdev": 8.460626275724055}, "max_rss": {"all_values": [196916, 450244, 373824], "mean": 340328, "stdev": 129943.27765606038}, "swap": {"all_values": [0, 0, 0], "mean": 0, "stdev": 0.0}}}