{"3": {"time_total": {"all_values": [122.54106307029724, 127.28223299980164, 117.7316665649414], "mean": 122.51832087834676, "stdev": 4.775323833222282}, "time_preprocessing": {"all_values": [3.6774330139160156, 3.887006998062134, 3.659250020980835], "mean": 3.741230010986328, "stdev": 0.12657350741247125}, "time_first_vertex_enumeration": {"all_values": [100.04382824897766, 104.43693995475769, 95.14998412132263], "mean": 99.87691744168599, "stdev": 4.64572723868249}, "time_intermediate_processing": {"all_values": [8.455690622329712, 8.551245212554932, 8.522029399871826], "mean": 8.509655078252157, "stdev": 0.04896440344717457}, "time_second_vertex_enumeration": {"all_values": [9.922213077545166, 9.957948207855225, 9.957976818084717], "mean": 9.946046034495035, "stdev": 0.020639951123175366}, "time_postprocessing": {"all_values": [0.4409971237182617, 0.4469301700592041, 0.44136905670166016], "mean": 0.443098783493042, "stdev": 0.0033232853925837494}, "max_rss": {"all_values": [440752, 259924, 419324], "mean": 373333.3333333333, "stdev": 98798.01344831451}, "swap": {"all_values": [0, 0, 0], "mean": 0, "stdev": 0.0}}, "5": {"time_total": {"all_values": [49.15429759025574, 50.211496114730835, 48.37452960014343], "mean": 49.246774435043335, "stdev": 0.9219682581549374}, "time_preprocessing": {"all_values": [3.8020195960998535, 3.734408378601074, 3.6775925159454346], "mean": 3.738006830215454, "stdev": 0.06229154203785875}, "time_first_vertex_enumeration": {"all_values": [31.598414659500122, 32.72619605064392, 30.930742979049683], "mean": 31.751784563064575, "stdev": 0.9074991341945311}, "time_intermediate_processing": {"all_values": [8.43787693977356, 8.47793459892273, 8.526037693023682], "mean": 8.480616410573324, "stdev": 0.04414151887627083}, "time_second_vertex_enumeration": {"all_values": [4.8752710819244385, 4.830461025238037, 4.8004419803619385], "mean": 4.835391362508138, "stdev": 0.037657400061082875}, "time_postprocessing": {"all_values": [0.43964552879333496, 0.4415874481201172, 0.43860936164855957], "mean": 0.4399474461873372, "stdev": 0.0015118251693299295}, "max_rss": {"all_values": [217472, 206956, 221944], "mean": 215457.33333333334, "stdev": 7694.426381045785}, "swap": {"all_values": [0, 0, 0], "mean": 0, "stdev": 0.0}}, "10": {"time_total": {"all_values": [33.06638741493225, 32.96298384666443, 33.169554471969604], "mean": 33.06630857785543, "stdev": 0.1032853352185408}, "time_preprocessing": {"all_values": [3.7799978256225586, 3.714486837387085, 3.6274125576019287], "mean": 3.707299073537191, "stdev": 0.07654615578919198}, "time_first_vertex_enumeration": {"all_values": [17.22839331626892, 16.871474742889404, 17.337164402008057], "mean": 17.145677487055462, "stdev": 0.24361474904932254}, "time_intermediate_processing": {"all_values": [8.489047765731812, 8.54503583908081, 8.471246719360352], "mean": 8.501776774724325, "stdev": 0.03850622416868038}, "time_second_vertex_enumeration": {"all_values": [3.167341470718384, 3.3878183364868164, 3.2923145294189453], "mean": 3.282491445541382, "stdev": 0.1105661874960745}, "time_postprocessing": {"all_values": [0.40070080757141113, 0.44309115409851074, 0.4405043125152588], "mean": 0.42809875806172687, "stdev": 0.023762548382834602}, "max_rss": {"all_values": [460392, 427844, 232652], "mean": 373629.3333333333, "stdev": 123169.7993070271}, "swap": {"all_values": [0, 0, 0], "mean": 0, "stdev": 0.0}}, "20": {"time_total": {"all_values": [22.573657035827637, 26.983326196670532, 23.245439529418945], "mean": 24.26747425397237, "stdev": 2.375860214883647}, "time_preprocessing": {"all_values": [3.7542855739593506, 3.8346927165985107, 3.6690802574157715], "mean": 3.7526861826578775, "stdev": 0.08281781329243147}, "time_first_vertex_enumeration": {"all_values": [7.955978631973267, 12.048781156539917, 8.556663751602173], "mean": 9.520474513371786, "stdev": 2.210080657951645}, "time_intermediate_processing": {"all_values": [8.503793954849243, 8.527313232421875, 8.399614095687866], "mean": 8.476907094319662, "stdev": 0.06796281948614001}, "time_second_vertex_enumeration": {"all_values": [1.9145958423614502, 2.1280665397644043, 2.176276922225952], "mean": 2.072979768117269, "stdev": 0.1392665114004106}, "time_postprocessing": {"all_values": [0.44394397735595703, 0.44352054595947266, 0.44286417961120605], "mean": 0.44344290097554523, "stdev": 0.0005440701701427303}, "max_rss": {"all_values": [209600, 248752, 441652], "mean": 300001.3333333333, "stdev": 124225.21201967551}, "swap": {"all_values": [0, 0, 0], "mean": 0, "stdev": 0.0}}, "30": {"time_total": {"all_values": [22.97378373146057, 23.360304594039917, 23.949045181274414], "mean": 23.42771116892497, "stdev": 0.4911124704449583}, "time_preprocessing": {"all_values": [3.7423391342163086, 3.8436126708984375, 3.648242473602295], "mean": 3.7447314262390137, "stdev": 0.0977070662425438}, "time_first_vertex_enumeration": {"all_values": [8.639999151229858, 8.867308139801025, 9.567670822143555], "mean": 9.02499270439148, "stdev": 0.48352042220211666}, "time_intermediate_processing": {"all_values": [8.424103260040283, 8.453068256378174, 8.568458080291748], "mean": 8.481876532236734, "stdev": 0.07636763778535645}, "time_second_vertex_enumeration": {"all_values": [1.7180333137512207, 1.7520380020141602, 1.7196927070617676], "mean": 1.7299213409423828, "stdev": 0.019171552343581245}, "time_postprocessing": {"all_values": [0.448183536529541, 0.4433753490447998, 0.44407010078430176], "mean": 0.44520966211954754, "stdev": 0.0025987721619441444}, "max_rss": {"all_values": [455736, 456300, 232688], "mean": 381574.6666666667, "stdev": 128939.94399461066}, "swap": {"all_values": [0, 0, 0], "mean": 0, "stdev": 0.0}}, "40": {"time_total": {"all_values": [22.626272201538086, 22.166889429092407, 21.37848138809204], "mean": 22.057214339574177, "stdev": 0.6310839464569744}, "time_preprocessing": {"all_values": [3.753225564956665, 3.692898750305176, 3.577575206756592], "mean": 3.6745665073394775, "stdev": 0.0892486158607995}, "time_first_vertex_enumeration": {"all_values": [8.535631895065308, 7.89990496635437, 7.307483911514282], "mean": 7.914340257644653, "stdev": 0.6142012297293852}, "time_intermediate_processing": {"all_values": [8.396446228027344, 8.46028733253479, 8.465811014175415], "mean": 8.440848191579184, "stdev": 0.03855228320295552}, "time_second_vertex_enumeration": {"all_values": [1.5419890880584717, 1.6705458164215088, 1.5853328704833984], "mean": 1.5992892583211262, "stdev": 0.0654048444150717}, "time_postprocessing": {"all_values": [0.39789867401123047, 0.4422924518585205, 0.4413337707519531], "mean": 0.42717496554056805, "stdev": 0.02535854297173034}, "max_rss": {"all_values": [198584, 431396, 296244], "mean": 308741.3333333333, "stdev": 116908.05935149781}, "swap": {"all_values": [0, 0, 0], "mean": 0, "stdev": 0.0}}, "50": {"time_total": {"all_values": [22.572283267974854, 21.54453992843628, 21.12340497970581], "mean": 21.746742725372314, "stdev": 0.7453029933328623}, "time_preprocessing": {"all_values": [3.8301453590393066, 3.7753210067749023, 3.689279317855835], "mean": 3.7649152278900146, "stdev": 0.07100718671604139}, "time_first_vertex_enumeration": {"all_values": [8.31221866607666, 6.938413381576538, 6.993558168411255], "mean": 7.414730072021484, "stdev": 0.7777368251684587}, "time_intermediate_processing": {"all_values": [8.488127708435059, 8.802197933197021, 8.457655429840088], "mean": 8.582660357157389, "stdev": 0.19073463348513905}, "time_second_vertex_enumeration": {"all_values": [1.4925847053527832, 1.5760829448699951, 1.5408923625946045], "mean": 1.536520004272461, "stdev": 0.04192048590595457}, "time_postprocessing": {"all_values": [0.44811367988586426, 0.451627254486084, 0.4411144256591797], "mean": 0.44695178667704266, "stdev": 0.005351858495651471}, "max_rss": {"all_values": [436708, 229416, 445780], "mean": 370634.6666666667, "stdev": 122383.0427687322}, "swap": {"all_values": [0, 0, 0], "mean": 0, "stdev": 0.0}},