{"20": {"time_total": {"all_values": [90.08408904075623, 83.48326873779297, 91.25040555000305], "mean": 88.27258777618408, "stdev": 4.188467045179789}, "time_preprocessing": {"all_values": [4.715520858764648, 4.970627069473267, 4.78034782409668], "mean": 4.822165250778198, "stdev": 0.13259456084706342}, "time_first_vertex_enumeration": {"all_values": [23.394273281097412, 18.58888554573059, 23.763469219207764], "mean": 21.91554268201192, "stdev": 2.8868775843388175}, "time_intermediate_processing": {"all_values": [10.013817548751831, 10.009688138961792, 9.96839690208435], "mean": 9.997300863265991, "stdev": 0.02511657292099897}, "time_second_vertex_enumeration": {"all_values": [36.87784266471863, 34.97174835205078, 37.79592967033386], "mean": 36.54850689570109, "stdev": 1.4406063189506597}, "time_postprocessing": {"all_values": [15.081706047058105, 14.941275835037231, 14.941178560256958], "mean": 14.988053480784098, "stdev": 0.08110551610634259}, "max_rss": {"all_values": [388452, 443196, 194336], "mean": 341994.6666666667, "stdev": 130772.84796674474}, "swap": {"all_values": [0, 0, 0], "mean": 0, "stdev": 0.0}}}