{"10": {"time_total": {"all_values": [43161.28411149979], "mean": 43161.28411149979}, "time_preprocessing": {"all_values": [6.02803635597229], "mean": 6.02803635597229}, "time_first_vertex_enumeration": {"all_values": [61.16297745704651], "mean": 61.16297745704651}, "time_intermediate_processing": {"all_values": [19.348467111587524], "mean": 19.348467111587524}, "time_second_vertex_enumeration": {"all_values": [36036.874866724014], "mean": 36036.874866724014}, "time_postprocessing": {"all_values": [7037.868847846985], "mean": 7037.868847846985}, "max_rss": {"all_values": [215908], "mean": 215908}, "swap": {"all_values": [0], "mean": 0}}, "20": {"time_total": {"all_values": [23066.678082466125], "mean": 23066.678082466125}, "time_preprocessing": {"all_values": [6.001309633255005], "mean": 6.001309633255005}, "time_first_vertex_enumeration": {"all_values": [29.31843876838684], "mean": 29.31843876838684}, "time_intermediate_processing": {"all_values": [19.266778230667114], "mean": 19.266778230667114}, "time_second_vertex_enumeration": {"all_values": [16026.431199550629], "mean": 16026.431199550629}, "time_postprocessing": {"all_values": [6985.659241437912], "mean": 6985.659241437912}, "max_rss": {"all_values": [210496], "mean": 210496}, "swap": {"all_values": [0], "mean": 0}}, "30": {"time_total": {"all_values": [17377.28369283676], "mean": 17377.28369283676}, "time_preprocessing": {"all_values": [5.856178522109985], "mean": 5.856178522109985}, "time_first_vertex_enumeration": {"all_values": [27.39848756790161], "mean": 27.39848756790161}, "time_intermediate_processing": {"all_values": [20.457710027694702], "mean": 20.457710027694702}, "time_second_vertex_enumeration": {"all_values": [10333.580542325974], "mean": 10333.580542325974}, "time_postprocessing": {"all_values": [6989.989696741104], "mean": 6989.989696741104}, "max_rss": {"all_values": [209384], "mean": 209384}, "swap": {"all_values": [0], "mean": 0}}, "40": {"time_total": {"all_values": [14909.485082864761], "mean": 14909.485082864761}, "time_preprocessing": {"all_values": [6.006446123123169], "mean": 6.006446123123169}, "time_first_vertex_enumeration": {"all_values": [23.92680311203003], "mean": 23.92680311203003}, "time_intermediate_processing": {"all_values": [19.44529676437378], "mean": 19.44529676437378}, "time_second_vertex_enumeration": {"all_values": [7815.67776465416], "mean": 7815.67776465416}, "time_postprocessing": {"all_values": [7044.427696228027], "mean": 7044.427696228027}, "max_rss": {"all_values": [414364], "mean": 414364}, "swap": {"all_values": [0], "mean": 0}}, "50": {"time_total": {"all_values": [13329.193561315536], "mean": 13329.193561315536}, "time_preprocessing": {"all_values": [5.912971019744873], "mean": 5.912971019744873}, "time_first_vertex_enumeration": {"all_values": [19.200377702713013], "mean": 19.200377702713013}, "time_intermediate_processing": {"all_values": [19.28866696357727], "mean": 19.28866696357727}, "time_second_vertex_enumeration": {"all_values": [6231.022514820099], "mean": 6231.022514820099}, "time_postprocessing": {"all_values": [7053.767971277237], "mean": 7053.767971277237}, "max_rss": {"all_values": [203928], "mean": 203928}, "swap": {"all_values": [0], "mean": 0}}, "60": {"time_total": {"all_values": [12326.799326658249], "mean": 12326.799326658249}, "time_preprocessing": {"all_values": [5.882605791091919], "mean": 5.882605791091919}, "time_first_vertex_enumeration": {"all_values": [18.031134128570557], "mean": 18.031134128570557}, "time_intermediate_processing": {"all_values": [19.998919010162354], "mean": 19.998919010162354}, "time_second_vertex_enumeration": {"all_values": [5240.34955739975], "mean": 5240.34955739975}, "time_postprocessing": {"all_values": [7042.53603386879], "mean": 7042.53603386879}, "max_rss": {"all_values": [210304], "mean": 210304}, "swap": {"all_values": [0], "mean": 0}}}