{"20": {"time_total": {"all_values": [222.51877617835999, 224.80238103866577, 234.95915579795837], "mean": 227.42677100499472, "stdev": 6.622411063310382}, "time_preprocessing": {"all_values": [4.545624494552612, 4.434610605239868, 4.595931529998779], "mean": 4.525388876597087, "stdev": 0.08254223383698228}, "time_first_vertex_enumeration": {"all_values": [18.64289879798889, 25.026655912399292, 17.66873860359192], "mean": 20.446097771326702, "stdev": 3.9966713254778257}, "time_intermediate_processing": {"all_values": [11.656779289245605, 11.533418655395508, 11.61243462562561], "mean": 11.600877523422241, "stdev": 0.062487090302548134}, "time_second_vertex_enumeration": {"all_values": [127.67107200622559, 122.46648526191711, 140.97280144691467], "mean": 130.3701195716858, "stdev": 9.54382407660777}, "time_postprocessing": {"all_values": [60.00139832496643, 61.33946871757507, 60.10814642906189], "mean": 60.48300449053446, "stdev": 0.7436376930886399}, "max_rss": {"all_values": [463836, 480704, 240740], "mean": 395093.3333333333, "stdev": 133939.71027792068}, "swap": {"all_values": [0, 0, 0], "mean": 0, "stdev": 0.0}}}