{"20": {"time_total": {"all_values": [250.4156517982483, 249.96984934806824, 250.77980065345764], "mean": 250.38843393325806, "stdev": 0.405661051133172}, "time_initial_setup": {"all_values": [5.622694253921509, 5.618788957595825, 5.596559524536133], "mean": 5.612680912017822, "stdev": 0.0140974176925751}, "time_projection": {"all_values": [243.2842893600464, 242.89126658439636, 243.64470958709717], "mean": 243.27342184384665, "stdev": 0.37683904622658915}, "time_enumeration": {"all_values": [1.1354408264160156, 1.0764164924621582, 1.1505029201507568], "mean": 1.1207867463429768, "stdev": 0.0391568159967682}, "time_postprocessing": {"all_values": [0.3721623420715332, 0.3821525573730469, 0.3867983818054199], "mean": 0.38037109375, "stdev": 0.007478878542479292}, "ECM_count": {"all_values": [6486, 6486, 6486], "mean": 6486, "stdev": 0.0}, "max_rss": {"all_values": [317696, 300892, 195600], "mean": 271396, "stdev": 66176.79968085492}, "swap": {"all_values": [0, 0, 0], "mean": 0, "stdev": 0.0}}}