{"20": {"time_total": {"all_values": [342.5141088962555, 343.9515268802643, 341.62048745155334], "mean": 342.6953744093577, "stdev": 1.176043831764535}, "time_initial_setup": {"all_values": [7.0377209186553955, 6.995008230209351, 6.9766387939453125], "mean": 7.003122647603353, "stdev": 0.031339102045329865}, "time_projection": {"all_values": [294.88016295433044, 294.9110915660858, 294.96004271507263], "mean": 294.9170990784963, "stdev": 0.04027730996577166}, "time_enumeration": {"all_values": [35.988736629486084, 37.076735973358154, 34.51423740386963], "mean": 35.85990333557129, "stdev": 1.286098068917525}, "time_postprocessing": {"all_values": [4.606387376785278, 4.967458486557007, 5.168348789215088], "mean": 4.914064884185791, "stdev": 0.2847601005156064}, "ECM_count": {"all_values": [620298, 620298, 620298], "mean": 620298, "stdev": 0.0}, "max_rss": {"all_values": [616692, 633500, 617260], "mean": 622484, "stdev": 9544.362105452621}, "swap": {"all_values": [0, 0, 0], "mean": 0, "stdev": 0.0}}}