{"20": {"time_total": {"all_values": [2441.305970430374, 2452.1695795059204, 2451.405076265335], "mean": 2448.2935420672097, "stdev": 6.063475433787935}, "time_initial_setup": {"all_values": [8.382797002792358, 8.320660829544067, 8.366833925247192], "mean": 8.35676391919454, "stdev": 0.03226886692945322}, "time_projection": {"all_values": [338.6616084575653, 339.5778625011444, 339.9445266723633], "mean": 339.39466587702435, "stdev": 0.6607878167625743}, "time_enumeration": {"all_values": [1986.3027584552765, 1990.979689359665, 1990.5020802021027], "mean": 1989.2615093390148, "stdev": 2.573457347783914}, "time_postprocessing": {"all_values": [107.95768880844116, 113.29010581970215, 112.59038734436035], "mean": 111.27939399083455, "stdev": 2.897877753673885}, "ECM_count": {"all_values": [35512330, 35512330, 35512330], "mean": 35512330, "stdev": 0.0}, "max_rss": {"all_values": [11564588, 11291172, 10922384], "mean": 11259381.333333334, "stdev": 322280.1254643751}, "swap": {"all_values": [0, 0, 0], "mean": 0, "stdev": 0.0}}}