{"20": {"time_total": {"all_values": [1376.100760936737, 1468.0663726329803, 1380.0369741916656], "mean": 1408.068035920461, "stdev": 51.997343681179544}, "time_initial_setup": {"all_values": [7.966694593429565, 7.955505609512329, 7.930781364440918], "mean": 7.9509938557942705, "stdev": 0.018376804545596783}, "time_projection": {"all_values": [331.80327248573303, 420.90064215660095, 331.6211006641388], "mean": 361.4416717688243, "stdev": 51.49305939953486}, "time_enumeration": {"all_values": [984.9135417938232, 985.1898760795593, 981.4549355506897], "mean": 983.8527844746908, "stdev": 2.081189505095125}, "time_postprocessing": {"all_values": [51.41579341888428, 54.01806354522705, 59.02891445159912], "mean": 54.820923805236816, "stdev": 3.8695402068615974}, "ECM_count": {"all_values": [17756170, 17756170, 17756170], "mean": 17756170, "stdev": 0.0}, "max_rss": {"all_values": [5443864, 5455496, 5242776], "mean": 5380712, "stdev": 119597.57910593342}, "swap": {"all_values": [0, 0, 0], "mean": 0, "stdev": 0.0}}}