{"20": {"time_total": {"all_values": [955.3125922679901, 951.8788771629333, 951.1526966094971], "mean": 952.7813886801401, "stdev": 2.2219537014540927}, "time_initial_setup": {"all_values": [7.823155879974365, 7.813561916351318, 7.7943501472473145], "mean": 7.810355981190999, "stdev": 0.014668028997608997}, "time_projection": {"all_values": [324.5495135784149, 325.2160005569458, 323.74590015411377], "mean": 324.50380476315814, "stdev": 0.7361153241482323}, "time_enumeration": {"all_values": [589.4422998428345, 587.1832113265991, 587.2460584640503], "mean": 587.957189877828, "stdev": 1.2865267765548762}, "time_postprocessing": {"all_values": [33.49650311470032, 31.664858102798462, 32.36516809463501], "mean": 32.508843104044594, "stdev": 0.9242363029295434}, "ECM_count": {"all_values": [9924618, 9924618, 9924618], "mean": 9924618, "stdev": 0.0}, "max_rss": {"all_values": [3383932, 3380264, 3533252], "mean": 3432482.6666666665, "stdev": 87288.07170131171}, "swap": {"all_values": [0, 0, 0], "mean": 0, "stdev": 0.0}}}