{"20": {"time_total": {"all_values": [386.92035698890686, 384.25336933135986, 385.4131374359131], "mean": 385.52895458539325, "stdev": 1.3372606329591443}, "time_initial_setup": {"all_values": [7.160490274429321, 7.176314115524292, 7.167555332183838], "mean": 7.16811990737915, "stdev": 0.00792701366298132}, "time_projection": {"all_values": [303.1066212654114, 300.32495307922363, 300.79409193992615], "mean": 301.40855542818707, "stdev": 1.4891586578724825}, "time_enumeration": {"all_values": [69.94047451019287, 69.83161520957947, 70.91249370574951], "mean": 70.22819447517395, "stdev": 0.5951148330845392}, "time_postprocessing": {"all_values": [6.7116944789886475, 6.91922664642334, 6.537796974182129], "mean": 6.722906033198039, "stdev": 0.19096183631121688}, "ECM_count": {"all_values": [1240586, 1240586, 1240586], "mean": 1240586, "stdev": 0.0}, "max_rss": {"all_values": [622372, 621736, 654968], "mean": 633025.3333333334, "stdev": 19005.56732469024}, "swap": {"all_values": [0, 0, 0], "mean": 0, "stdev": 0.0}}}