cores,time_total,time_initial_setup,time_projection,time_enumeration,time_postprocessing,ECM_count,max_rss,swap
20,952.7813886801401,7.810355981190999,324.50380476315814,587.957189877828,32.508843104044594,9924618,3432482.6666666665,0
