{"20": {"time_total": {"all_values": [632.7879438400269, 627.8428196907043, 628.9954295158386], "mean": 629.8753976821899, "stdev": 2.587338631373355}, "time_initial_setup": {"all_values": [7.5900444984436035, 7.552241325378418, 7.539204835891724], "mean": 7.560496886571248, "stdev": 0.02640612694155809}, "time_projection": {"all_values": [315.9018223285675, 315.83640217781067, 316.53547620773315], "mean": 316.0912335713704, "stdev": 0.38611344058855435}, "time_enumeration": {"all_values": [291.41061091423035, 286.6915018558502, 287.59498929977417], "mean": 288.5657006899516, "stdev": 2.504836926525649}, "time_postprocessing": {"all_values": [17.883399724960327, 17.761413097381592, 17.32449984550476], "mean": 17.656437555948894, "stdev": 0.2938658997539147}, "ECM_count": {"all_values": [4962314, 4962314, 4962314], "mean": 4962314, "stdev": 0.0}, "max_rss": {"all_values": [1807368, 1618212, 1768744], "mean": 1731441.3333333333, "stdev": 99943.0577345587}, "swap": {"all_values": [0, 0, 0], "mean": 0, "stdev": 0.0}}}