{"20": {"time_total": {"all_values": [265.06609892845154, 264.0773742198944, 263.92362427711487], "mean": 264.35569914182025, "stdev": 0.6200085917634445}, "time_initial_setup": {"all_values": [6.0149290561676025, 6.043299913406372, 5.995261907577515], "mean": 6.01783029238383, "stdev": 0.02415005962083937}, "time_projection": {"all_values": [256.26890087127686, 254.88499808311462, 254.884747505188], "mean": 255.3462154865265, "stdev": 0.7990689927166945}, "time_enumeration": {"all_values": [2.030475378036499, 2.3813531398773193, 2.289600372314453], "mean": 2.2338096300760903, "stdev": 0.18197048147498104}, "time_postprocessing": {"all_values": [0.7507164478302002, 0.7664949893951416, 0.7528138160705566], "mean": 0.7566750844319662, "stdev": 0.008568701097497942}, "ECM_count": {"all_values": [19394, 19394, 19394], "mean": 19394, "stdev": 0.0}, "max_rss": {"all_values": [314868, 339904, 254132], "mean": 302968, "stdev": 44106.87583586033}, "swap": {"all_values": [0, 0, 0], "mean": 0, "stdev": 0.0}}}