{"10": {"time_total": {"all_values": [9751.669863700867, 9761.86925625801, 9744.8290746212], "mean": 9752.78939819336, "stdev": 8.575078172458976}, "time_initial_setup": {"all_values": [8.80124282836914, 8.807526111602783, 8.78652048110962], "mean": 8.798429807027182, "stdev": 0.01078164852453354}, "time_projection": {"all_values": [343.9973797798157, 344.18561816215515, 344.32338857650757], "mean": 344.1687955061595, "stdev": 0.16365416339398814}, "time_enumeration": {"all_values": [9073.633410692215, 9085.310112476349, 9069.901976108551], "mean": 9076.281833092371, "stdev": 8.038238145850269}, "time_postprocessing": {"all_values": [325.2367317676544, 323.5647885799408, 321.81587171554565], "mean": 323.5391306877136, "stdev": 1.7105743537196947}, "ECM_count": {"all_values": [71024650, 71024650, 71024650], "mean": 71024650, "stdev": 0.0}, "max_rss": {"all_values": [32504860, 32391460, 33317016], "mean": 32737778.666666668, "stdev": 504828.49191119685}, "swap": {"all_values": [0, 0, 0], "mean": 0, "stdev": 0.0}}, "20": {"time_total": {"all_values": [4809.299316644669, 4805.204941511154, 4807.388142585754], "mean": 4807.297466913859, "stdev": 2.048693117963383}, "time_initial_setup": {"all_values": [8.380333185195923, 8.383779287338257, 8.35734224319458], "mean": 8.373818238576254, "stdev": 0.014372290104800161}, "time_projection": {"all_values": [347.1839849948883, 347.32118558883667, 347.25344729423523], "mean": 347.25287262598675, "stdev": 0.0686021022100843}, "time_enumeration": {"all_values": [4246.17401266098, 4239.922386169434, 4245.467090129852], "mean": 4243.854496320088, "stdev": 3.4236022759540568}, "time_postprocessing": {"all_values": [207.55974817276, 209.57635927200317, 206.309011220932], "mean": 207.81503955523172, "stdev": 1.6485663739088214}, "ECM_count": {"all_values": [71024650, 71024650, 71024650], "mean": 71024650, "stdev": 0.0}, "max_rss": {"all_values": [22592388, 22897376, 22782744], "mean": 22757502.666666668, "stdev": 154052.795227264}, "swap": {"all_values": [0, 0, 0], "mean": 0, "stdev": 0.0}}, "30": {"time_total": {"all_values": [3158.59570479393, 3168.1300978660583, 3264.277351617813], "mean": 3197.001051425934, "stdev": 58.45769058425378}, "time_initial_setup": {"all_values": [8.506160736083984, 8.483440399169922, 8.495632648468018], "mean": 8.495077927907309, "stdev": 0.011370321611435768}, "time_projection": {"all_values": [355.07009053230286, 354.85082364082336, 443.81913018226624], "mean": 384.5800147851308, "stdev": 51.30269597466365}, "time_enumeration": {"all_values": [2614.995035171509, 2619.9297273159027, 2627.932942867279], "mean": 2620.9525684515634, "stdev": 6.5293197867517385}, "time_postprocessing": {"all_values": [180.02313995361328, 184.86485290527344, 184.0283443927765], "mean": 182.97211241722107, "stdev": 2.587907565236383}, "ECM_count": {"all_values": [71024650, 71024650, 71024650], "mean": 71024650, "stdev": 0.0}, "max_rss": {"all_values": [13598324, 12090744, 16754112], "mean": 14147726.666666666, "stdev": 2379733.754742604}, "swap": {"all_values": [0, 0, 0], "mean": 0, "stdev": 0.0}}, "40": {"time_total": {"all_values": [2494.356031894684, 2497.6744961738586, 2506.633504629135], "mean": 2499.5546775658927, "stdev": 6.35101533115073}, "time_initial_setup": {"all_values": [8.510315418243408, 8.437447309494019, 8.517300844192505], "mean": 8.488354523976644, "stdev": 0.04422507669532741}, "time_projection": {"all_values": [365.83440136909485, 364.5736985206604, 363.63623452186584], "mean": 364.6814448038737, "stdev": 1.1030373149734714}, "time_enumeration": {"all_values": [1945.3394801616669, 1943.2265644073486, 1952.9817280769348], "mean": 1947.1825908819835, "stdev": 5.132114320688203}, "time_postprocessing": {"all_values": [174.6705937385559, 181.43554854393005, 181.4969997406006], "mean": 179.20104734102884, "stdev": 3.9236082176375735}, "ECM_count": {"all_values": [71024650, 71024650, 71024650], "mean": 71024650, "stdev": 0.0}, "max_rss": {"all_values": [10864232, 11635552, 10750860], "mean": 11083548, "stdev": 481398.602623647}, "swap": {"all_values": [0, 0, 0], "mean": 0, "stdev": 0.0}}, "50": {"time_total": {"all_values": [2135.6303675174713, 2128.2115626335144, 2120.791234970093], "mean": 2128.2110550403595, "stdev": 7.419566286711467}, "time_initial_setup": {"all_values": [8.562668561935425, 8.565651893615723, 8.616193532943726], "mean": 8.581504662831625, "stdev": 0.030078453238478537}, "time_projection": {"all_values": [406.5861382484436, 373.48533511161804, 373.5855383872986], "mean": 384.55233724912006, "stdev": 19.081897181162493}, "time_enumeration": {"all_values": [1553.3224365711212, 1563.1594278812408, 1558.6510586738586], "mean": 1558.3776410420735, "stdev": 4.924192056558161}, "time_postprocessing": {"all_values": [167.15786790847778, 182.99987173080444, 179.93719124794006], "mean": 176.69831029574075, "stdev": 8.402977665300718}, "ECM_count": {"all_values": [71024650, 71024650, 71024650], "mean": 71024650, "stdev": 0.0}, "max_rss": {"all_values": [10685436, 12914504, 14361372], "mean": 12653770.666666666, "stdev": 1851786.373304797}, "swap": {"all_values": [0, 0, 0], "mean": 0, "stdev": 0.0}}, "60": {"time_total": {"all_values": [1868.7810351848602, 1873.9332864284515, 1864.68701338768], "mean": 1869.133778333664, "stdev": 4.633218328861198}, "time_initial_setup": {"all_values": [7.087337970733643, 7.218779802322388, 7.061957836151123], "mean": 7.122691869735718, "stdev": 0.0841766351159395}, "time_projection": {"all_values": [382.1556601524353, 381.975843667984, 383.75046467781067], "mean": 382.62732283274335, "stdev": 0.9768158450424833}, "time_enumeration": {"all_values": [1303.8929915428162, 1301.5147740840912, 1291.6330063343048], "mean": 1299.0135906537373, "stdev": 6.501442012541263}, "time_postprocessing": {"all_values": [175.64382314682007, 183.2226266860962, 182.23991441726685], "mean": 180.36878808339438, "stdev": 4.1213348674573105}, "ECM_count": {"all_values": [71024650, 71024650, 71024650], "mean": 71024650, "stdev": 0.0}, "max_rss": {"all_values": [12569428, 12718200, 11500944], "mean": 12262857.333333334, "stdev": 664015.980703276}, "swap": {"all_values": [0, 0, 0], "mean": 0, "stdev": 0.0}}}