{"3": {"time_total": {"all_values": [366.29153060913086, 365.412935256958, 365.3366243839264], "mean": 365.68036341667175, "stdev": 0.5306598158796949}, "time_initial_setup": {"all_values": [17.7921359539032, 17.770516633987427, 17.849276304244995], "mean": 17.80397629737854, "stdev": 0.04069295657703893}, "time_projection": {"all_values": [344.5065367221832, 343.6481328010559, 343.5105662345886], "mean": 343.88841191927594, "stdev": 0.539712742140945}, "time_enumeration": {"all_values": [3.739706516265869, 3.7359676361083984, 3.7274129390716553], "mean": 3.7343623638153076, "stdev": 0.006302038115462935}, "time_postprocessing": {"all_values": [0.25206542015075684, 0.25707125663757324, 0.24816322326660156], "mean": 0.25243330001831055, "stdev": 0.004465396548157819}, "ECM_count": {"all_values": [4132, 4132, 4132], "mean": 4132, "stdev": 0.0}, "max_rss": {"all_values": [295644, 197900, 189580], "mean": 227708, "stdev": 58981.189136876514}, "swap": {"all_values": [0, 0, 0], "mean": 0, "stdev": 0.0}}, "5": {"time_total": {"all_values": [235.22123551368713, 235.59010577201843, 235.55975031852722], "mean": 235.45703053474426, "stdev": 0.20476775223570523}, "time_initial_setup": {"all_values": [8.428621768951416, 8.425797700881958, 8.430840730667114], "mean": 8.428420066833496, "stdev": 0.0025275581421152927}, "time_projection": {"all_values": [225.139910697937, 225.4929964542389, 225.44488978385925], "mean": 225.35926564534506, "stdev": 0.19148370073727403}, "time_enumeration": {"all_values": [1.3833444118499756, 1.3934485912322998, 1.4084231853485107], "mean": 1.395072062810262, "stdev": 0.012617961999508705}, "time_postprocessing": {"all_values": [0.26809239387512207, 0.27664923667907715, 0.2743513584136963], "mean": 0.27303099632263184, "stdev": 0.004428589700067}, "ECM_count": {"all_values": [4132, 4132, 4132], "mean": 4132, "stdev": 0.0}, "max_rss": {"all_values": [322616, 305408, 273140], "mean": 300388, "stdev": 25117.104610205373}, "swap": {"all_values": [0, 0, 0], "mean": 0, "stdev": 0.0}}, "10": {"time_total": {"all_values": [241.15994000434875, 241.21516609191895, 241.48374438285828], "mean": 241.286283493042, "stdev": 0.17322119513026293}, "time_initial_setup": {"all_values": [5.555996656417847, 5.519873857498169, 5.505873441696167], "mean": 5.527247985204061, "stdev": 0.02586247248574668}, "time_projection": {"all_values": [234.33188796043396, 234.41778922080994, 234.6745626926422], "mean": 234.4747466246287, "stdev": 0.17829638922544058}, "time_enumeration": {"all_values": [0.979881763458252, 0.9998159408569336, 1.0140330791473389], "mean": 0.9979102611541748, "stdev": 0.017155226672097592}, "time_postprocessing": {"all_values": [0.29096436500549316, 0.27649593353271484, 0.2880373001098633], "mean": 0.28516586621602374, "stdev": 0.007649688018189915}, "ECM_count": {"all_values": [4132, 4132, 4132], "mean": 4132, "stdev": 0.0}, "max_rss": {"all_values": [298908, 295768, 304776], "mean": 299817.3333333333, "stdev": 4572.327780609493}, "swap": {"all_values": [0, 0, 0], "mean": 0, "stdev": 0.0}}, "20": {"time_total": {"all_values": [248.0758354663849, 250.87070155143738, 277.62378096580505], "mean": 258.8567726612091, "stdev": 16.312672056929365}, "time_initial_setup": {"all_values": [5.57096004486084, 5.606878280639648, 5.570784568786621], "mean": 5.582874298095703, "stdev": 0.020788243827718572}, "time_projection": {"all_values": [241.29305624961853, 244.0115852355957, 270.8192653656006], "mean": 252.04130228360495, "stdev": 16.31890079305261}, "time_enumeration": {"all_values": [0.8794841766357422, 0.9436192512512207, 0.9042634963989258], "mean": 0.9091223080952963, "stdev": 0.03234243323111047}, "time_postprocessing": {"all_values": [0.3311431407928467, 0.30743861198425293, 0.32825589179992676], "mean": 0.3222792148590088, "stdev": 0.01293316171519703}, "ECM_count": {"all_values": [4132, 4132, 4132], "mean": 4132, "stdev": 0.0}, "max_rss": {"all_values": [305480, 301744, 252096], "mean": 286440, "stdev": 29801.378760050684}, "swap": {"all_values": [0, 0, 0], "mean": 0, "stdev": 0.0}}, "30": {"time_total": {"all_values": [255.2170774936676, 255.62947154045105, 255.49997091293335], "mean": 255.44883998235068, "stdev": 0.21089805950338977}, "time_initial_setup": {"all_values": [5.667863845825195, 5.667119026184082, 5.719526052474976], "mean": 5.684836308161418, "stdev": 0.030044507975326644}, "time_projection": {"all_values": [248.34008121490479, 248.7390034198761, 248.55550742149353], "mean": 248.54486401875815, "stdev": 0.19967396655832345}, "time_enumeration": {"all_values": [0.8474891185760498, 0.8630881309509277, 0.8831815719604492], "mean": 0.8645862738291422, "stdev": 0.017893326443454833}, "time_postprocessing": {"all_values": [0.36043739318847656, 0.35904645919799805, 0.34051084518432617], "mean": 0.3533315658569336, "stdev": 0.011124829583649118}, "ECM_count": {"all_values": [4132, 4132, 4132], "mean": 4132, "stdev": 0.0}, "max_rss": {"all_values": [214148, 307004, 272480], "mean": 264544, "stdev": 46933.935015082636}, "swap": {"all_values": [0, 0, 0], "mean": 0, "stdev": 0.0}}, "40": {"time_total": {"all_values": [264.0385055541992, 263.60747170448303, 263.4162471294403], "mean": 263.6874081293742, "stdev": 0.31873776182646557}, "time_initial_setup": {"all_values": [5.743842124938965, 5.757253885269165, 5.738966941833496], "mean": 5.746687650680542, "stdev": 0.009469732710817266}, "time_projection": {"all_values": [257.1064176559448, 256.55396342277527, 256.51152062416077], "mean": 256.72396723429364, "stdev": 0.3318909332212102}, "time_enumeration": {"all_values": [0.863914966583252, 0.8879923820495605, 0.8331089019775391], "mean": 0.8616720835367838, "stdev": 0.027510397842890156}, "time_postprocessing": {"all_values": [0.32314634323120117, 0.4070405960083008, 0.33145570755004883], "mean": 0.3538808822631836, "stdev": 0.046224752654210444}, "ECM_count": {"all_values": [4132, 4132, 4132], "mean": 4132, "stdev": 0.0}, "max_rss": {"all_values": [203184, 308388, 219412], "mean": 243661.33333333334, "stdev": 56639.1474982925}, "swap": {"all_values": [0, 0, 0], "mean": 0, "stdev": 0.0}}, "50": {"time_total": {"all_values": [270.67282724380493, 267.94944310188293, 270.5455582141876], "mean": 269.7226095199585, "stdev": 1.5369250831182764}, "time_initial_setup": {"all_values": [4.557188987731934, 4.6047303676605225, 4.64506459236145], "mean": 4.602327982584636, "stdev": 0.043987032893688265}, "time_projection": {"all_values": [264.8641948699951, 262.11614871025085, 264.66771936416626], "mean": 263.8826876481374, "stdev": 1.5330184344617965}, "time_enumeration": {"all_values": [0.8806045055389404, 0.8835499286651611, 0.8579738140106201], "mean": 0.8740427494049072, "stdev": 0.013993816237090178}, "time_postprocessing": {"all_values": [0.36962151527404785, 0.34337711334228516, 0.3735811710357666], "mean": 0.3621932665506999, "stdev": 0.016415097764245257}, "ECM_count": {"all_values": [4132, 4132, 4132], "mean": 4132, "stdev": 0.0}, "max_rss": {"all_values": [300632, 297564, 193572], "mean": 263922.6666666667, "stdev": 60944.77320766181}, "swap": {"all_values": [0, 0, 0], "mean": 0, "stdev": 0.0}}, "60": {"time_total": {"all_values": [278.36311197280884, 278.6445994377136, 278.13041830062866], "mean": 278.3793765703837, "stdev": 0.2574761411940924}, "time_initial_setup": {"all_values": [4.720714092254639, 4.70718789100647, 4.7865753173828125], "mean": 4.738159100214641, "stdev": 0.04247160338047295}, "time_projection": {"all_values": [272.33981227874756, 272.5818340778351, 272.1030213832855], "mean": 272.34155591328937, "stdev": 0.23941110941540347}, "time_enumeration": {"all_values": [0.9145689010620117, 0.9380745887756348, 0.8593778610229492], "mean": 0.9040071169535319, "stdev": 0.04039749005087667}, "time_postprocessing": {"all_values": [0.38677477836608887, 0.4163334369659424, 0.38016843795776367], "mean": 0.3944255510965983, "stdev": 0.01925818088101319}, "ECM_count": {"all_values": [4132, 4132, 4132], "mean": 4132, "stdev": 0.0},