{"20": {"time_total": {"all_values": [274.187308549881, 274.4078953266144, 275.14507508277893], "mean": 274.58009298642475, "stdev": 0.5015657568235388}, "time_initial_setup": {"all_values": [6.207036733627319, 6.223780632019043, 6.219868183135986], "mean": 6.216895182927449, "stdev": 0.00875891437439944}, "time_projection": {"all_values": [263.0582985877991, 263.17782759666443, 263.98082637786865], "mean": 263.4056508541107, "stdev": 0.5016891052611611}, "time_enumeration": {"all_values": [3.597295045852661, 3.6922242641448975, 3.6109888553619385], "mean": 3.633502721786499, "stdev": 0.05131320256455428}, "time_postprocessing": {"all_values": [1.3236048221588135, 1.3128886222839355, 1.3321869373321533], "mean": 1.322893460591634, "stdev": 0.009668803823871495}, "ECM_count": {"all_values": [38778, 38778, 38778], "mean": 38778, "stdev": 0.0}, "max_rss": {"all_values": [322036, 320828, 341428], "mean": 328097.3333333333, "stdev": 11560.485341599346}, "swap": {"all_values": [0, 0, 0], "mean": 0, "stdev": 0.0}}}