{"3": {"time_total": {"all_values": [508.0723714828491, 507.9584472179413, 508.6053116321564], "mean": 508.2120434443156, "stdev": 0.345310853014173}, "time_initial_setup": {"all_values": [23.523787021636963, 23.375717401504517, 23.436695098876953], "mean": 23.44539984067281, "stdev": 0.0744176222331858}, "time_projection": {"all_values": [413.4088788032532, 413.46066522598267, 413.9334383010864], "mean": 413.6009941101074, "stdev": 0.2890671435523981}, "time_enumeration": {"all_values": [65.97161841392517, 65.88760828971863, 65.97515773773193], "mean": 65.94479481379192, "stdev": 0.04955658992445304}, "time_postprocessing": {"all_values": [2.4864397048950195, 2.4923250675201416, 2.4965097904205322], "mean": 2.491758187611898, "stdev": 0.005058919869454641}, "ECM_count": {"all_values": [77546, 77546, 77546], "mean": 77546, "stdev": 0.0}, "max_rss": {"all_values": [512540, 510172, 509280], "mean": 510664, "stdev": 1684.7694204252402}, "swap": {"all_values": [0, 0, 0], "mean": 0, "stdev": 0.0}}, "5": {"time_total": {"all_values": [295.2091455459595, 295.87044954299927, 295.11361265182495], "mean": 295.39773591359454, "stdev": 0.41215927144024694}, "time_initial_setup": {"all_values": [10.0973801612854, 10.14907693862915, 10.071398973464966], "mean": 10.105952024459839, "stdev": 0.03954205605078014}, "time_projection": {"all_values": [257.9741711616516, 258.2918574810028, 257.727089881897], "mean": 257.99770617485046, "stdev": 0.2831184078873094}, "time_enumeration": {"all_values": [21.87172269821167, 22.1719012260437, 22.068350315093994], "mean": 22.037324746449787, "stdev": 0.15247533103792113}, "time_postprocessing": {"all_values": [2.5125253200531006, 2.5295774936676025, 2.567251682281494], "mean": 2.536451498667399, "stdev": 0.028003261225101196}, "ECM_count": {"all_values": [77546, 77546, 77546], "mean": 77546, "stdev": 0.0}, "max_rss": {"all_values": [507372, 509356, 511344], "mean": 509357.3333333333, "stdev": 1986.0003356830869}, "swap": {"all_values": [0, 0, 0], "mean": 0, "stdev": 0.0}}, "10": {"time_total": {"all_values": [288.31524443626404, 288.98540472984314, 287.9396986961365], "mean": 288.41344928741455, "stdev": 0.5297248548300825}, "time_initial_setup": {"all_values": [6.30450963973999, 6.362509250640869, 6.30899453163147], "mean": 6.325337807337443, "stdev": 0.03226942379039996}, "time_projection": {"all_values": [267.49768900871277, 266.9396262168884, 266.8052921295166], "mean": 267.0808691183726, "stdev": 0.3671723403184102}, "time_enumeration": {"all_values": [9.254285097122192, 10.399726390838623, 9.545405149459839], "mean": 9.733138879140219, "stdev": 0.5953502366527386}, "time_postprocessing": {"all_values": [2.7711634635925293, 2.513481378555298, 2.507594108581543], "mean": 2.5974129835764566, "stdev": 0.1505011194851975}, "ECM_count": {"all_values": [77546, 77546, 77546], "mean": 77546, "stdev": 0.0}, "max_rss": {"all_values": [549176, 507052, 521056], "mean": 525761.3333333334, "stdev": 21452.57479495954}, "swap": {"all_values": [0, 0, 0], "mean": 0, "stdev": 0.0}}, "20": {"time_total": {"all_values": [375.87119817733765, 289.7906663417816, 291.530056476593], "mean": 319.0639736652374, "stdev": 49.20418617441396}, "time_initial_setup": {"all_values": [90.80961441993713, 6.497281312942505, 6.483468770980835], "mean": 34.59678816795349, "stdev": 48.68173604262029}, "time_projection": {"all_values": [273.53609442710876, 271.60683035850525, 274.02879071235657], "mean": 273.05723849932355, "stdev": 1.2800196242980795}, "time_enumeration": {"all_values": [6.215586185455322, 6.343814373016357, 5.716102600097656], "mean": 6.091834386189778, "stdev": 0.3316495112785172}, "time_postprocessing": {"all_values": [2.5267550945281982, 2.5770885944366455, 2.5917930603027344], "mean": 2.5652122497558594, "stdev": 0.034106743032061286}, "ECM_count": {"all_values": [77546, 77546, 77546], "mean": 77546, "stdev": 0.0}, "max_rss": {"all_values": [545252, 547088, 508508], "mean": 533616, "stdev": 21763.53537456633}, "swap": {"all_values": [0, 0, 0], "mean": 0, "stdev": 0.0}}, "30": {"time_total": {"all_values": [295.45553255081177, 296.60077691078186, 297.7566428184509], "mean": 296.6043174266815, "stdev": 1.150559219422546}, "time_initial_setup": {"all_values": [6.449037075042725, 6.4302144050598145, 6.551138877868652], "mean": 6.476796785990397, "stdev": 0.06506637530205284}, "time_projection": {"all_values": [278.9010810852051, 279.9378044605255, 280.9483675956726], "mean": 279.9290843804677, "stdev": 1.0236711111644887}, "time_enumeration": {"all_values": [4.773869037628174, 4.909425973892212, 4.956638336181641], "mean": 4.879977782567342, "stdev": 0.09487650448167435}, "time_postprocessing": {"all_values": [2.6050126552581787, 2.707510232925415, 2.7131268978118896], "mean": 2.6752165953318277, "stdev": 0.06086322068795015}, "ECM_count": {"all_values": [77546, 77546, 77546], "mean": 77546, "stdev": 0.0}, "max_rss": {"all_values": [509028, 506236, 525356], "mean": 513540, "stdev": 10327.739733358892}, "swap": {"all_values": [0, 0, 0], "mean": 0, "stdev": 0.0}}, "40": {"time_total": {"all_values": [304.20739936828613, 303.19553303718567, 303.2158875465393], "mean": 303.53960665067035, "stdev": 0.5784149996224526}, "time_initial_setup": {"all_values": [6.521965742111206, 6.524789571762085, 6.511450290679932], "mean": 6.519401868184407, "stdev": 0.0070295228914600775}, "time_projection": {"all_values": [288.8280236721039, 286.968665599823, 287.40314173698425], "mean": 287.7332770029704, "stdev": 0.9726484876998566}, "time_enumeration": {"all_values": [3.5142457485198975, 4.364295244216919, 3.9559571743011475], "mean": 3.944832722345988, "stdev": 0.4251339216731207}, "time_postprocessing": {"all_values": [2.640228271484375, 2.6589486598968506, 2.6816492080688477], "mean": 2.660275379816691, "stdev": 0.020742315111698658}, "ECM_count": {"all_values": [77546, 77546, 77546], "mean": 77546, "stdev": 0.0}, "max_rss": {"all_values": [518552, 551936, 508036], "mean": 526174.6666666666, "stdev": 22921.197292753564}, "swap": {"all_values": [0, 0, 0], "mean": 0, "stdev": 0.0}}, "50": {"time_total": {"all_values": [309.2570195198059, 311.67401027679443, 310.73025727272034], "mean": 310.55376235644025, "stdev": 1.2181231142403193}, "time_initial_setup": {"all_values": [5.269328594207764, 5.322240114212036, 5.330220699310303], "mean": 5.307263135910034, "stdev": 0.03309372335124357}, "time_projection": {"all_values": [294.71616864204407, 298.24555587768555, 295.3606786727905], "mean": 296.10746773084, "stdev": 1.8794717310175533}, "time_enumeration": {"all_values": [3.9331371784210205, 2.7440340518951416, 4.7007927894592285], "mean": 3.7926546732584634, "stdev": 0.985914646382186}, "time_postprocessing": {"all_values": [2.562262535095215, 2.650739908218384, 2.621023178100586], "mean": 2.611341873804728, "stdev": 0.04502618269791322}, "ECM_count": {"all_values": [77546, 77546, 77546], "mean": 77546, "stdev": 0.0}, "max_rss": {"all_values": [508836, 509976, 551824], "mean": 523545.3333333333, "stdev": 24496.67612826959}, "swap": {"all_values": [0, 0, 0], "mean": 0, "stdev": 0.0}}, "60": {"time_total": {"all_values": [317.34403800964355, 317.8494727611542, 317.6512289047241], "mean": 317.61491322517395, "stdev": 0.2546668283160247}, "time_initial_setup": {"all_values": [5.615345478057861, 5.591161489486694, 5.6271843910217285], "mean": 5.611230452855428, "stdev": 0.01836062180491684}, "time_projection": {"all_values": [303.54147481918335, 304.0876998901367, 303.7868137359619], "mean": 303.8053294817607, "stdev": 0.2735828606955599}, "time_enumeration": {"all_values": [2.8195559978485107, 2.742053270339966, 2.8826239109039307], "mean": 2.8147443930308023, "stdev": 0.07040873456349145}, "time_postprocessing": {"all_values": [2.591226577758789, 2.6578736305236816, 2.617112874984741], "mean": 2.6220710277557373, "stdev": 0.033599030785678864}, "ECM_count": {"all_values": [77546, 77546, 77546], "mean": 77546, "stdev": 0.0},