{"20": {"time_total": {"all_values": [18864.135597229004, 18869.268932580948, 18960.29254078865], "mean": 18897.899023532867, "stdev": 54.095295817840345}, "time_initial_setup": {"all_values": [9.137379884719849, 9.099668264389038, 9.083965063095093], "mean": 9.107004404067993, "stdev": 0.02745268659608702}, "time_projection": {"all_values": [365.6513135433197, 366.2406358718872, 454.6324768066406], "mean": 395.50814207394916, "stdev": 51.20402370311581}, "time_enumeration": {"all_values": [17612.262118816376, 17640.0835852623, 17649.92869591713], "mean": 17634.091466665268, "stdev": 19.535144524226528}, "time_postprocessing": {"all_values": [877.0836291313171, 853.8437595367432, 846.6461102962494], "mean": 859.1911663214365, "stdev": 15.907756211971403}, "ECM_count": {"all_values": [284098570, 284098570, 284098570], "mean": 284098570, "stdev": 0.0}, "max_rss": {"all_values": [100513704, 9480368, 5890740], "mean": 38628270.666666664, "stdev": 53624402.10795295}, "swap": {"all_values": [0, 0, 0], "mean": 0, "stdev": 0.0}}}