{"20": {"time_total": {"all_values": [316.9337069988251, 318.3815529346466, 317.01696944236755], "mean": 317.4440764586131, "stdev": 0.8129451186662902}, "time_initial_setup": {"all_values": [6.768956899642944, 6.748506784439087, 6.773735284805298], "mean": 6.763732989629109, "stdev": 0.013400978865607456}, "time_projection": {"all_values": [286.77777457237244, 288.61632919311523, 287.28151988983154], "mean": 287.55854121843976, "stdev": 0.9500665164826937}, "time_enumeration": {"all_values": [19.286238193511963, 19.008845329284668, 18.910611152648926], "mean": 19.068564891815186, "stdev": 0.1948043584433052}, "time_postprocessing": {"all_values": [4.099667549133301, 4.006629943847656, 4.049867630004883], "mean": 4.05205504099528, "stdev": 0.046557357898108116}, "ECM_count": {"all_values": [310154, 310154, 310154], "mean": 310154, "stdev": 0.0}, "max_rss": {"all_values": [615524, 628848, 616800], "mean": 620390.6666666666, "stdev": 7352.0003627130845}, "swap": {"all_values": [0, 0, 0], "mean": 0, "stdev": 0.0}}}