{"60": {"time_total": {"all_values": [11106.625612258911, 11223.716278076172, 11141.806647777557], "mean": 11157.382846037546, "stdev": 60.079276539903766}, "time_initial_setup": {"all_values": [8.624408960342407, 8.955833196640015, 8.593241691589355], "mean": 8.724494616190592, "stdev": 0.2009502519621376}, "time_projection": {"all_values": [410.12095832824707, 501.07772183418274, 410.8879952430725], "mean": 440.6955584685008, "stdev": 52.29389377305065}, "time_enumeration": {"all_values": [9394.840420484543, 9380.009094238281, 9374.632282018661], "mean": 9383.160598913828, "stdev": 10.466193259922903}, "time_postprocessing": {"all_values": [1293.0387287139893, 1333.672369003296, 1347.6918725967407], "mean": 1324.8009901046753, "stdev": 28.386045105638644}, "ECM_count": {"all_values": [514523146, 514523146, 514523146], "mean": 514523146, "stdev": 0.0}, "max_rss": {"all_values": [97187924, 86924148, 94096700], "mean": 92736257.33333333, "stdev": 5265394.347198444}, "swap": {"all_values": [0, 0, 0], "mean": 0, "stdev": 0.0}}}