{"20": {"time_total": {"all_values": [300.7394359111786, 299.1037998199463, 299.96901679039], "mean": 299.93741750717163, "stdev": 0.8182757736609069}, "time_initial_setup": {"all_values": [6.724449634552002, 6.69010591506958, 6.671895742416382], "mean": 6.695483764012654, "stdev": 0.02668649169695212}, "time_projection": {"all_values": [279.020870923996, 279.0178723335266, 279.12265396118164], "mean": 279.0537990729014, "stdev": 0.059648928039514965}, "time_enumeration": {"all_values": [11.594149827957153, 9.786064624786377, 10.620407104492188], "mean": 10.666873852411905, "stdev": 0.904937784865873}, "time_postprocessing": {"all_values": [3.398909568786621, 3.6085379123687744, 3.5528416633605957], "mean": 3.5200963815053306, "stdev": 0.10858269070659883}, "ECM_count": {"all_values": [155082, 155082, 155082], "mean": 155082, "stdev": 0.0}, "max_rss": {"all_values": [619636, 621164, 619192], "mean": 619997.3333333334, "stdev": 1034.4647569314932}, "swap": {"all_values": [0, 0, 0], "mean": 0, "stdev": 0.0}}}