{"20": {"time_total": {"all_values": [257.1948447227478, 257.1814353466034, 258.1044108867645], "mean": 257.4935636520386, "stdev": 0.52905170916594}, "time_initial_setup": {"all_values": [5.880213260650635, 5.878891468048096, 5.889383316040039], "mean": 5.882829348246257, "stdev": 0.005714250108499448}, "time_projection": {"all_values": [249.49451732635498, 249.40939903259277, 250.313485622406], "mean": 249.73913399378458, "stdev": 0.49922051836668824}, "time_enumeration": {"all_values": [1.3658983707427979, 1.4025352001190186, 1.4691731929779053], "mean": 1.412535587946574, "stdev": 0.052358648229775734}, "time_postprocessing": {"all_values": [0.4531567096710205, 0.48941588401794434, 0.43117332458496094], "mean": 0.4579153060913086, "stdev": 0.02941142825917393}, "ECM_count": {"all_values": [9702, 9702, 9702], "mean": 9702, "stdev": 0.0}, "max_rss": {"all_values": [306396, 317072, 200072], "mean": 274513.3333333333, "stdev": 64688.70322810107}, "swap": {"all_values": [0, 0, 0], "mean": 0, "stdev": 0.0}}}