{"20": {"time_total": {"all_values": [9375.01122546196, 9368.951635599136, 9368.833373308182], "mean": 9370.932078123093, "stdev": 3.533140069613134}, "time_initial_setup": {"all_values": [8.607543230056763, 8.608814001083374, 8.603797912597656], "mean": 8.606718381245932, "stdev": 0.002607789791123024}, "time_projection": {"all_values": [359.21301198005676, 358.9069547653198, 356.9210524559021], "mean": 358.3470064004262, "stdev": 1.2443577635073748}, "time_enumeration": {"all_values": [8683.300590515137, 8671.769840240479, 8666.264838933945], "mean": 8673.778423229853, "stdev": 8.693676564200322}, "time_postprocessing": {"all_values": [482.7903473377228, 492.78145074844362, 486.11221718788147], "mean": 487.2280050913493, "stdev": 5.088150334362493}, "ECM_count": {"all_values": [142049290, 142049290, 142049290], "mean": 142049290, "stdev": 0.0}, "max_rss": {"all_values": [47378768, 47508180, 46559248], "mean": 47148732, "stdev": 514592.4660622229}, "swap": {"all_values": [0, 0, 0], "mean": 0, "stdev": 0.0}}}