{"3": {"time_total": {"all_values": [3108.8336119651794, 3125.755759000778, 3108.3254261016846], "mean": 3114.3049323558807, "stdev": 9.919961509833808}, "time_initial_setup": {"all_values": [30.300118684768677, 30.32317090034485, 30.197580337524414], "mean": 30.27362330754598, "stdev": 0.06685619737928666}, "time_projection": {"all_values": [560.2752120494843, 561.3176851272583, 561.0521230697632], "mean": 560.881673415502, "stdev": 0.5417354916832238}, "time_enumeration": {"all_values": [2486.8384413719177, 2502.81688952446, 2485.099815607071], "mean": 2491.5850488344827, "stdev": 9.765827607085573}, "time_postprocessing": {"all_values": [31.418777227401733, 31.296822786331177, 31.974672079086304], "mean": 31.56342403093974, "stdev": 0.3613335567761151}, "ECM_count": {"all_values": [2481162, 2481162, 2481162], "mean": 2481162, "stdev": 0.0}, "max_rss": {"all_values": [1442652, 1436456, 1450392], "mean": 1443166.6666666667, "stdev": 6982.240710068175}, "swap": {"all_values": [0, 0, 0], "mean": 0, "stdev": 0.0}}, "5": {"time_total": {"all_values": [1238.5112643241882, 1236.9235336780548, 1234.6127214431763], "mean": 1236.6825064818065, "stdev": 1.9604157035615628}, "time_initial_setup": {"all_values": [13.048619031906128, 13.060139417648315, 13.097402811050415], "mean": 13.06872042020162, "stdev": 0.02549881331580949}, "time_projection": {"all_values": [373.06539964675903, 372.8546290397644, 372.6498258113861], "mean": 372.85661816596985, "stdev": 0.20779405821374342}, "time_enumeration": {"all_values": [832.2632601261139, 830.9516577720642, 829.2662677764893], "mean": 830.8270618915558, "stdev": 1.502376080083445}, "time_postprocessing": {"all_values": [20.132745504379272, 20.05585551261902, 19.597999334335327], "mean": 19.928866783777874, "stdev": 0.2891071938463043}, "ECM_count": {"all_values": [2481162, 2481162, 2481162], "mean": 2481162, "stdev": 0.0}, "max_rss": {"all_values": [1330336, 1324296, 1329144], "mean": 1327925.3333333333, "stdev": 3199.103207671383}, "swap": {"all_values": [0, 0, 0], "mean": 0, "stdev": 0.0}}, "10": {"time_total": {"all_values": [686.0764815807343, 637.3405323028564, 637.4075438976288], "mean": 653.6081859270731, "stdev": 28.118388816371027}, "time_initial_setup": {"all_values": [7.545245170593262, 7.55775785446167, 7.5590009689331055], "mean": 7.554001331329346, "stdev": 0.007608488452010506}, "time_projection": {"all_values": [333.34268522262573, 303.02078008651733, 304.24620938301086], "mean": 313.53655823071796, "stdev": 17.163549139232796}, "time_enumeration": {"all_values": [313.51151609420776, 313.2271957397461, 312.1845293045044], "mean": 312.9744137128194, "stdev": 0.6986755683897088}, "time_postprocessing": {"all_values": [31.67580485343933, 13.533481359481812, 13.416564702987671], "mean": 19.541950305302937, "stdev": 10.508388888056967}, "ECM_count": {"all_values": [2481162, 2481162, 2481162], "mean": 2481162, "stdev": 0.0}, "max_rss": {"all_values": [1054096, 1061496, 1054432], "mean": 1056674.6666666667, "stdev": 4178.775578244581}, "swap": {"all_values": [0, 0, 0], "mean": 0, "stdev": 0.0}}, "20": {"time_total": {"all_values": [496.62680888175964, 557.9814031124115, 470.1743175983429], "mean": 508.2608431975047, "stdev": 45.0448013922105}, "time_initial_setup": {"all_values": [7.359708309173584, 7.33318567276001, 7.3441996574401855], "mean": 7.34569787979126, "stdev": 0.01332464120498586}, "time_projection": {"all_values": [336.71132016181946, 398.36794352531433, 309.0377359390259], "mean": 348.03899987538654, "stdev": 45.72973586871257}, "time_enumeration": {"all_values": [142.152526140213, 141.97859692573547, 143.61797738075256], "mean": 142.58303348223367, "stdev": 0.9004968060594591}, "time_postprocessing": {"all_values": [10.402047872543335, 10.300443649291992, 10.173185586929321], "mean": 10.291892369588217, "stdev": 0.11467052686957861}, "ECM_count": {"all_values": [2481162, 2481162, 2481162], "mean": 2481162, "stdev": 0.0}, "max_rss": {"all_values": [865988, 897484, 905044], "mean": 889505.3333333334, "stdev": 20714.418295799023}, "swap": {"all_values": [0, 0, 0], "mean": 0, "stdev": 0.0}}, "30": {"time_total": {"all_values": [425.84210538864136, 424.0444972515106, 427.30766129493713], "mean": 425.73142131169635, "stdev": 1.6343953368890867}, "time_initial_setup": {"all_values": [7.425112009048462, 7.394351005554199, 7.372603416442871], "mean": 7.397355477015178, "stdev": 0.02638291513318517}, "time_projection": {"all_values": [316.7836413383484, 317.8684368133545, 316.8073842525482], "mean": 317.15315413475037, "stdev": 0.6195667149121191}, "time_enumeration": {"all_values": [91.88104677200317, 89.37502956390381, 93.68970847129822], "mean": 91.64859493573506, "stdev": 2.1667115430109436}, "time_postprocessing": {"all_values": [9.75111722946167, 9.40542984008789, 9.436736822128296], "mean": 9.531094630559286, "stdev": 0.19118705448314022}, "ECM_count": {"all_values": [2481162, 2481162, 2481162], "mean": 2481162, "stdev": 0.0}, "max_rss": {"all_values": [848572, 625164, 658348], "mean": 710694.6666666666, "stdev": 120552.53522565725}, "swap": {"all_values": [0, 0, 0], "mean": 0, "stdev": 0.0}}, "40": {"time_total": {"all_values": [412.2339496612549, 408.9892826080322, 414.8901336193085], "mean": 412.03778862953186, "stdev": 2.9553121708366024}, "time_initial_setup": {"all_values": [7.42243218421936, 7.447314500808716, 7.45590353012085], "mean": 7.441883405049642, "stdev": 0.017384054474502152}, "time_projection": {"all_values": [324.8390266895294, 324.6897850036621, 325.8514585494995], "mean": 325.12675674756366, "stdev": 0.6320306926858144}, "time_enumeration": {"all_values": [70.08470344543457, 67.04590082168579, 71.9434883594513], "mean": 69.69136420885722, "stdev": 2.472372896387685}, "time_postprocessing": {"all_values": [9.88652491569519, 9.80504298210144, 9.638039588928223], "mean": 9.776535828908285, "stdev": 0.12667175194969568}, "ECM_count": {"all_values": [2481162, 2481162, 2481162], "mean": 2481162, "stdev": 0.0}, "max_rss": {"all_values": [733344, 813924, 651600], "mean": 732956, "stdev": 81162.69556883877}, "swap": {"all_values": [0, 0, 0], "mean": 0, "stdev": 0.0}}, "50": {"time_total": {"all_values": [406.38404536247253, 499.1369891166687, 404.6402609348297], "mean": 436.720431804657, "stdev": 54.06135556980841}, "time_initial_setup": {"all_values": [7.56000828742981, 7.573822498321533, 7.497185707092285], "mean": 7.543672164281209, "stdev": 0.04084667834871659}, "time_projection": {"all_values": [333.6568925380707, 426.4505977630615, 333.1933252811432], "mean": 364.4336051940918, "stdev": 53.70879117169887}, "time_enumeration": {"all_values": [55.43594717979431, 55.342456102371216, 54.36286163330078], "mean": 55.047088305155434, "stdev": 0.5943986450585214}, "time_postprocessing": {"all_values": [9.729950189590454, 9.76885175704956, 9.585657358169556], "mean": 9.694819768269857, "stdev": 0.09651765031264278}, "ECM_count": {"all_values": [2481162, 2481162, 2481162], "mean": 2481162, "stdev": 0.0}, "max_rss": {"all_values": [776864, 655172, 671212], "mean": 701082.6666666666, "stdev": 66116.7774572637}, "swap": {"all_values": [0, 0, 0], "mean": 0, "stdev": 0.0}}, "60": {"time_total": {"all_values": [401.2629442214966, 406.39132928848267, 403.4402394294739], "mean": 403.6981709798177, "stdev": 2.5739036233547177}, "time_initial_setup": {"all_values": [6.2853453159332275, 6.326322317123413, 6.319875955581665], "mean": 6.310514529546102, "stdev": 0.02203419795907277}, "time_projection": {"all_values": [340.55949568748474, 345.592759847641, 342.2908639907837], "mean": 342.81437317530316, "stdev": 2.5571436068757487}, "time_enumeration": {"all_values": [44.413238525390625, 44.86580681800842, 45.051872968673706], "mean": 44.77697277069092, "stdev": 0.32845411248602024}, "time_postprocessing": {"all_values": [10.003643989562988, 9.605191946029663, 9.776403665542603], "mean": 9.795079867045084, "stdev": 0.1998814852003349}, "ECM_count": {"all_values": [2481162, 2481162, 2481162],